celebrity,wiki_title,date,views,season
Alexis Ren,Alexis Ren,20180924,4207,27
Alexis Ren,Alexis Ren,20180925,25632,27
Alexis Ren,Alexis Ren,20180926,23143,27
Alexis Ren,Alexis Ren,20180927,5182,27
Alexis Ren,Alexis Ren,20180928,3133,27
Alexis Ren,Alexis Ren,20180929,2788,27
Alexis Ren,Alexis Ren,20180930,3135,27
Alexis Ren,Alexis Ren,20181001,4685,27
Alexis Ren,Alexis Ren,20181002,13847,27
Alexis Ren,Alexis Ren,20181003,16819,27
Alexis Ren,Alexis Ren,20181004,4481,27
Alexis Ren,Alexis Ren,20181005,2888,27
Alexis Ren,Alexis Ren,20181006,2593,27
Alexis Ren,Alexis Ren,20181007,3059,27
Alexis Ren,Alexis Ren,20181008,2737,27
Alexis Ren,Alexis Ren,20181009,25877,27
Alexis Ren,Alexis Ren,20181010,5424,27
Alexis Ren,Alexis Ren,20181011,2970,27
Alexis Ren,Alexis Ren,20181012,2395,27
Alexis Ren,Alexis Ren,20181013,2231,27
Alexis Ren,Alexis Ren,20181014,2145,27
Alexis Ren,Alexis Ren,20181015,2450,27
Alexis Ren,Alexis Ren,20181016,10046,27
Alexis Ren,Alexis Ren,20181017,3490,27
Alexis Ren,Alexis Ren,20181018,2169,27
Alexis Ren,Alexis Ren,20181019,1823,27
Alexis Ren,Alexis Ren,20181020,1891,27
Alexis Ren,Alexis Ren,20181021,1859,27
Alexis Ren,Alexis Ren,20181022,1955,27
Alexis Ren,Alexis Ren,20181023,18097,27
Alexis Ren,Alexis Ren,20181024,4430,27
Alexis Ren,Alexis Ren,20181025,3565,27
Alexis Ren,Alexis Ren,20181026,2209,27
Alexis Ren,Alexis Ren,20181027,2016,27
Alexis Ren,Alexis Ren,20181028,2056,27
Alexis Ren,Alexis Ren,20181029,2741,27
Alexis Ren,Alexis Ren,20181030,29881,27
Alexis Ren,Alexis Ren,20181031,6444,27
Alexis Ren,Alexis Ren,20181101,5558,27
Alexis Ren,Alexis Ren,20181102,3589,27
Alexis Ren,Alexis Ren,20181103,2487,27
Alexis Ren,Alexis Ren,20181104,2351,27
Alexis Ren,Alexis Ren,20181105,2704,27
Alexis Ren,Alexis Ren,20181106,30135,27
Alexis Ren,Alexis Ren,20181107,11599,27
Alexis Ren,Alexis Ren,20181108,5302,27
Alexis Ren,Alexis Ren,20181109,3121,27
Alexis Ren,Alexis Ren,20181110,3058,27
Alexis Ren,Alexis Ren,20181111,2739,27
Alexis Ren,Alexis Ren,20181112,2969,27
Alexis Ren,Alexis Ren,20181113,22472,27
Alexis Ren,Alexis Ren,20181114,5139,27
Alexis Ren,Alexis Ren,20181115,2895,27
Alexis Ren,Alexis Ren,20181116,2695,27
Alexis Ren,Alexis Ren,20181117,2589,27
Alexis Ren,Alexis Ren,20181118,2742,27
Alexis Ren,Alexis Ren,20181119,3832,27
Alexis Ren,Alexis Ren,20181120,37168,27
Alexis Ren,Alexis Ren,20181121,7788,27
Alexis Ren,Alexis Ren,20181122,3770,27
Alexis Ren,Alexis Ren,20181123,4870,27
Alexis Ren,Alexis Ren,20181124,6014,27
Alexis Ren,Alexis Ren,20181125,5083,27
Bobby Bones,Bobby Bones,20180924,2944,27
Bobby Bones,Bobby Bones,20180925,31147,27
Bobby Bones,Bobby Bones,20180926,11289,27
Bobby Bones,Bobby Bones,20180927,3342,27
Bobby Bones,Bobby Bones,20180928,2106,27
Bobby Bones,Bobby Bones,20180929,1686,27
Bobby Bones,Bobby Bones,20180930,1613,27
Bobby Bones,Bobby Bones,20181001,1820,27
Bobby Bones,Bobby Bones,20181002,16771,27
Bobby Bones,Bobby Bones,20181003,10864,27
Bobby Bones,Bobby Bones,20181004,2987,27
Bobby Bones,Bobby Bones,20181005,2162,27
Bobby Bones,Bobby Bones,20181006,1620,27
Bobby Bones,Bobby Bones,20181007,1366,27
Bobby Bones,Bobby Bones,20181008,1706,27
Bobby Bones,Bobby Bones,20181009,35310,27
Bobby Bones,Bobby Bones,20181010,5536,27
Bobby Bones,Bobby Bones,20181011,3067,27
Bobby Bones,Bobby Bones,20181012,1974,27
Bobby Bones,Bobby Bones,20181013,1640,27
Bobby Bones,Bobby Bones,20181014,1495,27
Bobby Bones,Bobby Bones,20181015,1727,27
Bobby Bones,Bobby Bones,20181016,7941,27
Bobby Bones,Bobby Bones,20181017,2316,27
Bobby Bones,Bobby Bones,20181018,1681,27
Bobby Bones,Bobby Bones,20181019,1329,27
Bobby Bones,Bobby Bones,20181020,1022,27
Bobby Bones,Bobby Bones,20181021,952,27
Bobby Bones,Bobby Bones,20181022,1317,27
Bobby Bones,Bobby Bones,20181023,10573,27
Bobby Bones,Bobby Bones,20181024,2648,27
Bobby Bones,Bobby Bones,20181025,1748,27
Bobby Bones,Bobby Bones,20181026,1277,27
Bobby Bones,Bobby Bones,20181027,981,27
Bobby Bones,Bobby Bones,20181028,860,27
Bobby Bones,Bobby Bones,20181029,1122,27
Bobby Bones,Bobby Bones,20181030,7761,27
Bobby Bones,Bobby Bones,20181031,1876,27
Bobby Bones,Bobby Bones,20181101,1307,27
Bobby Bones,Bobby Bones,20181102,1168,27
Bobby Bones,Bobby Bones,20181103,888,27
Bobby Bones,Bobby Bones,20181104,835,27
Bobby Bones,Bobby Bones,20181105,1265,27
Bobby Bones,Bobby Bones,20181106,20259,27
Bobby Bones,Bobby Bones,20181107,4319,27
Bobby Bones,Bobby Bones,20181108,2590,27
Bobby Bones,Bobby Bones,20181109,1617,27
Bobby Bones,Bobby Bones,20181110,1282,27
Bobby Bones,Bobby Bones,20181111,1137,27
Bobby Bones,Bobby Bones,20181112,1361,27
Bobby Bones,Bobby Bones,20181113,25280,27
Bobby Bones,Bobby Bones,20181114,4074,27
Bobby Bones,Bobby Bones,20181115,7069,27
Bobby Bones,Bobby Bones,20181116,2755,27
Bobby Bones,Bobby Bones,20181117,1948,27
Bobby Bones,Bobby Bones,20181118,1666,27
Bobby Bones,Bobby Bones,20181119,2757,27
Bobby Bones,Bobby Bones,20181120,88443,27
Bobby Bones,Bobby Bones,20181121,19389,27
Bobby Bones,Bobby Bones,20181122,7772,27
Bobby Bones,Bobby Bones,20181123,4763,27
Bobby Bones,Bobby Bones,20181124,3951,27
Bobby Bones,Bobby Bones,20181125,3677,27
Danelle Umstead,Danelle Umstead,20180924,1408,27
Danelle Umstead,Danelle Umstead,20180925,34705,27
Danelle Umstead,Danelle Umstead,20180926,36379,27
Danelle Umstead,Danelle Umstead,20180927,5762,27
Danelle Umstead,Danelle Umstead,20180928,2905,27
Danelle Umstead,Danelle Umstead,20180929,2445,27
Danelle Umstead,Danelle Umstead,20180930,2563,27
Danelle Umstead,Danelle Umstead,20181001,1892,27
Danelle Umstead,Danelle Umstead,20181002,18166,27
Danelle Umstead,Danelle Umstead,20181003,18851,27
Danelle Umstead,Danelle Umstead,20181004,4021,27
Danelle Umstead,Danelle Umstead,20181005,1943,27
Danelle Umstead,Danelle Umstead,20181006,1516,27
Danelle Umstead,Danelle Umstead,20181007,1357,27
Danelle Umstead,Danelle Umstead,20181008,1348,27
Danelle Umstead,Danelle Umstead,20181009,2280,27
Danelle Umstead,Danelle Umstead,20181010,919,27
Danelle Umstead,Danelle Umstead,20181011,675,27
Danelle Umstead,Danelle Umstead,20181012,532,27
Danelle Umstead,Danelle Umstead,20181013,460,27
Danelle Umstead,Danelle Umstead,20181014,473,27
Danelle Umstead,Danelle Umstead,20181015,504,27
Danelle Umstead,Danelle Umstead,20181016,1007,27
Danelle Umstead,Danelle Umstead,20181017,503,27
Danelle Umstead,Danelle Umstead,20181018,316,27
Danelle Umstead,Danelle Umstead,20181019,329,27
Danelle Umstead,Danelle Umstead,20181020,336,27
Danelle Umstead,Danelle Umstead,20181021,357,27
Danelle Umstead,Danelle Umstead,20181022,382,27
Danelle Umstead,Danelle Umstead,20181023,853,27
Danelle Umstead,Danelle Umstead,20181024,347,27
Danelle Umstead,Danelle Umstead,20181025,292,27
Danelle Umstead,Danelle Umstead,20181026,230,27
Danelle Umstead,Danelle Umstead,20181027,211,27
Danelle Umstead,Danelle Umstead,20181028,230,27
Danelle Umstead,Danelle Umstead,20181029,271,27
Danelle Umstead,Danelle Umstead,20181030,794,27
Danelle Umstead,Danelle Umstead,20181031,308,27
Danelle Umstead,Danelle Umstead,20181101,164,27
Danelle Umstead,Danelle Umstead,20181102,195,27
Danelle Umstead,Danelle Umstead,20181103,245,27
Danelle Umstead,Danelle Umstead,20181104,226,27
Danelle Umstead,Danelle Umstead,20181105,244,27
Danelle Umstead,Danelle Umstead,20181106,686,27
Danelle Umstead,Danelle Umstead,20181107,229,27
Danelle Umstead,Danelle Umstead,20181108,214,27
Danelle Umstead,Danelle Umstead,20181109,165,27
Danelle Umstead,Danelle Umstead,20181110,167,27
Danelle Umstead,Danelle Umstead,20181111,180,27
Danelle Umstead,Danelle Umstead,20181112,168,27
Danelle Umstead,Danelle Umstead,20181113,683,27
Danelle Umstead,Danelle Umstead,20181114,222,27
Danelle Umstead,Danelle Umstead,20181115,174,27
Danelle Umstead,Danelle Umstead,20181116,144,27
Danelle Umstead,Danelle Umstead,20181117,137,27
Danelle Umstead,Danelle Umstead,20181118,133,27
Danelle Umstead,Danelle Umstead,20181119,222,27
Danelle Umstead,Danelle Umstead,20181120,1090,27
Danelle Umstead,Danelle Umstead,20181121,275,27
Danelle Umstead,Danelle Umstead,20181122,161,27
Danelle Umstead,Danelle Umstead,20181123,130,27
Danelle Umstead,Danelle Umstead,20181124,135,27
Danelle Umstead,Danelle Umstead,20181125,122,27
DeMarcus Ware,DeMarcus Ware,20180924,2022,27
DeMarcus Ware,DeMarcus Ware,20180925,38800,27
DeMarcus Ware,DeMarcus Ware,20180926,16402,27
DeMarcus Ware,DeMarcus Ware,20180927,4294,27
DeMarcus Ware,DeMarcus Ware,20180928,2629,27
DeMarcus Ware,DeMarcus Ware,20180929,3067,27
DeMarcus Ware,DeMarcus Ware,20180930,3189,27
DeMarcus Ware,DeMarcus Ware,20181001,3164,27
DeMarcus Ware,DeMarcus Ware,20181002,30742,27
DeMarcus Ware,DeMarcus Ware,20181003,13393,27
DeMarcus Ware,DeMarcus Ware,20181004,3300,27
DeMarcus Ware,DeMarcus Ware,20181005,2040,27
DeMarcus Ware,DeMarcus Ware,20181006,1674,27
DeMarcus Ware,DeMarcus Ware,20181007,1695,27
DeMarcus Ware,DeMarcus Ware,20181008,2009,27
DeMarcus Ware,DeMarcus Ware,20181009,40177,27
DeMarcus Ware,DeMarcus Ware,20181010,8295,27
DeMarcus Ware,DeMarcus Ware,20181011,4235,27
DeMarcus Ware,DeMarcus Ware,20181012,2573,27
DeMarcus Ware,DeMarcus Ware,20181013,2157,27
DeMarcus Ware,DeMarcus Ware,20181014,2380,27
DeMarcus Ware,DeMarcus Ware,20181015,2259,27
DeMarcus Ware,DeMarcus Ware,20181016,8011,27
DeMarcus Ware,DeMarcus Ware,20181017,2288,27
DeMarcus Ware,DeMarcus Ware,20181018,1577,27
DeMarcus Ware,DeMarcus Ware,20181019,1719,27
DeMarcus Ware,DeMarcus Ware,20181020,1262,27
DeMarcus Ware,DeMarcus Ware,20181021,1384,27
DeMarcus Ware,DeMarcus Ware,20181022,1827,27
DeMarcus Ware,DeMarcus Ware,20181023,8219,27
DeMarcus Ware,DeMarcus Ware,20181024,1837,27
DeMarcus Ware,DeMarcus Ware,20181025,1214,27
DeMarcus Ware,DeMarcus Ware,20181026,1131,27
DeMarcus Ware,DeMarcus Ware,20181027,943,27
DeMarcus Ware,DeMarcus Ware,20181028,1123,27
DeMarcus Ware,DeMarcus Ware,20181029,1000,27
DeMarcus Ware,DeMarcus Ware,20181030,5504,27
DeMarcus Ware,DeMarcus Ware,20181031,1293,27
DeMarcus Ware,DeMarcus Ware,20181101,917,27
DeMarcus Ware,DeMarcus Ware,20181102,860,27
DeMarcus Ware,DeMarcus Ware,20181103,762,27
DeMarcus Ware,DeMarcus Ware,20181104,1202,27
DeMarcus Ware,DeMarcus Ware,20181105,1001,27
DeMarcus Ware,DeMarcus Ware,20181106,16362,27
DeMarcus Ware,DeMarcus Ware,20181107,2734,27
DeMarcus Ware,DeMarcus Ware,20181108,1472,27
DeMarcus Ware,DeMarcus Ware,20181109,1223,27
DeMarcus Ware,DeMarcus Ware,20181110,1024,27
DeMarcus Ware,DeMarcus Ware,20181111,927,27
DeMarcus Ware,DeMarcus Ware,20181112,1251,27
DeMarcus Ware,DeMarcus Ware,20181113,1341,27
DeMarcus Ware,DeMarcus Ware,20181114,751,27
DeMarcus Ware,DeMarcus Ware,20181115,666,27
DeMarcus Ware,DeMarcus Ware,20181116,605,27
DeMarcus Ware,DeMarcus Ware,20181117,638,27
DeMarcus Ware,DeMarcus Ware,20181118,912,27
DeMarcus Ware,DeMarcus Ware,20181119,880,27
DeMarcus Ware,DeMarcus Ware,20181120,2238,27
DeMarcus Ware,DeMarcus Ware,20181121,863,27
DeMarcus Ware,DeMarcus Ware,20181122,972,27
DeMarcus Ware,DeMarcus Ware,20181123,1042,27
DeMarcus Ware,DeMarcus Ware,20181124,576,27
DeMarcus Ware,DeMarcus Ware,20181125,1067,27
Evanna Lynch,Evanna Lynch,20180924,3277,27
Evanna Lynch,Evanna Lynch,20180925,26362,27
Evanna Lynch,Evanna Lynch,20180926,11411,27
Evanna Lynch,Evanna Lynch,20180927,3776,27
Evanna Lynch,Evanna Lynch,20180928,2582,27
Evanna Lynch,Evanna Lynch,20180929,3192,27
Evanna Lynch,Evanna Lynch,20180930,3768,27
Evanna Lynch,Evanna Lynch,20181001,3073,27
Evanna Lynch,Evanna Lynch,20181002,13994,27
Evanna Lynch,Evanna Lynch,20181003,13487,27
Evanna Lynch,Evanna Lynch,20181004,3879,27
Evanna Lynch,Evanna Lynch,20181005,2693,27
Evanna Lynch,Evanna Lynch,20181006,7312,27
Evanna Lynch,Evanna Lynch,20181007,3654,27
Evanna Lynch,Evanna Lynch,20181008,3247,27
Evanna Lynch,Evanna Lynch,20181009,18728,27
Evanna Lynch,Evanna Lynch,20181010,4932,27
Evanna Lynch,Evanna Lynch,20181011,3349,27
Evanna Lynch,Evanna Lynch,20181012,2412,27
Evanna Lynch,Evanna Lynch,20181013,4446,27
Evanna Lynch,Evanna Lynch,20181014,3161,27
Evanna Lynch,Evanna Lynch,20181015,2754,27
Evanna Lynch,Evanna Lynch,20181016,9818,27
Evanna Lynch,Evanna Lynch,20181017,3392,27
Evanna Lynch,Evanna Lynch,20181018,2524,27
Evanna Lynch,Evanna Lynch,20181019,2353,27
Evanna Lynch,Evanna Lynch,20181020,3925,27
Evanna Lynch,Evanna Lynch,20181021,3152,27
Evanna Lynch,Evanna Lynch,20181022,3262,27
Evanna Lynch,Evanna Lynch,20181023,9321,27
Evanna Lynch,Evanna Lynch,20181024,3038,27
Evanna Lynch,Evanna Lynch,20181025,2213,27
Evanna Lynch,Evanna Lynch,20181026,2117,27
Evanna Lynch,Evanna Lynch,20181027,4485,27
Evanna Lynch,Evanna Lynch,20181028,2676,27
Evanna Lynch,Evanna Lynch,20181029,3600,27
Evanna Lynch,Evanna Lynch,20181030,9428,27
Evanna Lynch,Evanna Lynch,20181031,2649,27
Evanna Lynch,Evanna Lynch,20181101,2124,27
Evanna Lynch,Evanna Lynch,20181102,2511,27
Evanna Lynch,Evanna Lynch,20181103,2740,27
Evanna Lynch,Evanna Lynch,20181104,3164,27
Evanna Lynch,Evanna Lynch,20181105,2416,27
Evanna Lynch,Evanna Lynch,20181106,13037,27
Evanna Lynch,Evanna Lynch,20181107,3499,27
Evanna Lynch,Evanna Lynch,20181108,2698,27
Evanna Lynch,Evanna Lynch,20181109,2554,27
Evanna Lynch,Evanna Lynch,20181110,2832,27
Evanna Lynch,Evanna Lynch,20181111,5060,27
Evanna Lynch,Evanna Lynch,20181112,4556,27
Evanna Lynch,Evanna Lynch,20181113,22292,27
Evanna Lynch,Evanna Lynch,20181114,5115,27
Evanna Lynch,Evanna Lynch,20181115,3369,27
Evanna Lynch,Evanna Lynch,20181116,3270,27
Evanna Lynch,Evanna Lynch,20181117,4718,27
Evanna Lynch,Evanna Lynch,20181118,4624,27
Evanna Lynch,Evanna Lynch,20181119,9967,27
Evanna Lynch,Evanna Lynch,20181120,36403,27
Evanna Lynch,Evanna Lynch,20181121,7962,27
Evanna Lynch,Evanna Lynch,20181122,6165,27
Evanna Lynch,Evanna Lynch,20181123,4550,27
Evanna Lynch,Evanna Lynch,20181124,3817,27
Evanna Lynch,Evanna Lynch,20181125,4350,27
Joe Amabile,Joe Amabile,20180924,832,27
Joe Amabile,Joe Amabile,20180925,4569,27
Joe Amabile,Joe Amabile,20180926,2222,27
Joe Amabile,Joe Amabile,20180927,568,27
Joe Amabile,Joe Amabile,20180928,381,27
Joe Amabile,Joe Amabile,20180929,373,27
Joe Amabile,Joe Amabile,20180930,370,27
Joe Amabile,Joe Amabile,20181001,368,27
Joe Amabile,Joe Amabile,20181002,1608,27
Joe Amabile,Joe Amabile,20181003,1495,27
Joe Amabile,Joe Amabile,20181004,405,27
Joe Amabile,Joe Amabile,20181005,258,27
Joe Amabile,Joe Amabile,20181006,230,27
Joe Amabile,Joe Amabile,20181007,259,27
Joe Amabile,Joe Amabile,20181008,360,27
Joe Amabile,Joe Amabile,20181009,1789,27
Joe Amabile,Joe Amabile,20181010,450,27
Joe Amabile,Joe Amabile,20181011,244,27
Joe Amabile,Joe Amabile,20181012,205,27
Joe Amabile,Joe Amabile,20181013,191,27
Joe Amabile,Joe Amabile,20181014,180,27
Joe Amabile,Joe Amabile,20181015,316,27
Joe Amabile,Joe Amabile,20181016,1544,27
Joe Amabile,Joe Amabile,20181017,482,27
Joe Amabile,Joe Amabile,20181018,251,27
Joe Amabile,Joe Amabile,20181019,229,27
Joe Amabile,Joe Amabile,20181020,250,27
Joe Amabile,Joe Amabile,20181021,266,27
Joe Amabile,Joe Amabile,20181022,309,27
Joe Amabile,Joe Amabile,20181023,1362,27
Joe Amabile,Joe Amabile,20181024,372,27
Joe Amabile,Joe Amabile,20181025,289,27
Joe Amabile,Joe Amabile,20181026,200,27
Joe Amabile,Joe Amabile,20181027,177,27
Joe Amabile,Joe Amabile,20181028,176,27
Joe Amabile,Joe Amabile,20181029,283,27
Joe Amabile,Joe Amabile,20181030,1296,27
Joe Amabile,Joe Amabile,20181031,370,27
Joe Amabile,Joe Amabile,20181101,193,27
Joe Amabile,Joe Amabile,20181102,195,27
Joe Amabile,Joe Amabile,20181103,156,27
Joe Amabile,Joe Amabile,20181104,169,27
Joe Amabile,Joe Amabile,20181105,211,27
Joe Amabile,Joe Amabile,20181106,1630,27
Joe Amabile,Joe Amabile,20181107,432,27
Joe Amabile,Joe Amabile,20181108,298,27
Joe Amabile,Joe Amabile,20181109,224,27
Joe Amabile,Joe Amabile,20181110,185,27
Joe Amabile,Joe Amabile,20181111,212,27
Joe Amabile,Joe Amabile,20181112,264,27
Joe Amabile,Joe Amabile,20181113,1687,27
Joe Amabile,Joe Amabile,20181114,297,27
Joe Amabile,Joe Amabile,20181115,186,27
Joe Amabile,Joe Amabile,20181116,140,27
Joe Amabile,Joe Amabile,20181117,148,27
Joe Amabile,Joe Amabile,20181118,181,27
Joe Amabile,Joe Amabile,20181119,256,27
Joe Amabile,Joe Amabile,20181120,1267,27
Joe Amabile,Joe Amabile,20181121,315,27
Joe Amabile,Joe Amabile,20181122,149,27
Joe Amabile,Joe Amabile,20181123,120,27
Joe Amabile,Joe Amabile,20181124,92,27
Joe Amabile,Joe Amabile,20181125,119,27
John Schneider,John Schneider,20180924,18,27
John Schneider,John Schneider,20180925,463,27
John Schneider,John Schneider,20180926,165,27
John Schneider,John Schneider,20180927,45,27
John Schneider,John Schneider,20180928,33,27
John Schneider,John Schneider,20180929,22,27
John Schneider,John Schneider,20180930,33,27
John Schneider,John Schneider,20181001,19,27
John Schneider,John Schneider,20181002,128,27
John Schneider,John Schneider,20181003,74,27
John Schneider,John Schneider,20181004,30,27
John Schneider,John Schneider,20181005,17,27
John Schneider,John Schneider,20181006,15,27
John Schneider,John Schneider,20181007,9,27
John Schneider,John Schneider,20181008,24,27
John Schneider,John Schneider,20181009,236,27
John Schneider,John Schneider,20181010,37,27
John Schneider,John Schneider,20181011,28,27
John Schneider,John Schneider,20181012,41,27
John Schneider,John Schneider,20181013,18,27
John Schneider,John Schneider,20181014,16,27
John Schneider,John Schneider,20181015,13,27
John Schneider,John Schneider,20181016,49,27
John Schneider,John Schneider,20181017,28,27
John Schneider,John Schneider,20181018,17,27
John Schneider,John Schneider,20181019,21,27
John Schneider,John Schneider,20181020,25,27
John Schneider,John Schneider,20181021,20,27
John Schneider,John Schneider,20181022,16,27
John Schneider,John Schneider,20181023,134,27
John Schneider,John Schneider,20181024,38,27
John Schneider,John Schneider,20181025,21,27
John Schneider,John Schneider,20181026,20,27
John Schneider,John Schneider,20181027,26,27
John Schneider,John Schneider,20181028,20,27
John Schneider,John Schneider,20181029,14,27
John Schneider,John Schneider,20181030,67,27
John Schneider,John Schneider,20181031,21,27
John Schneider,John Schneider,20181101,12,27
John Schneider,John Schneider,20181102,16,27
John Schneider,John Schneider,20181103,11,27
John Schneider,John Schneider,20181104,18,27
John Schneider,John Schneider,20181105,7,27
John Schneider,John Schneider,20181106,434,27
John Schneider,John Schneider,20181107,88,27
John Schneider,John Schneider,20181108,22,27
John Schneider,John Schneider,20181109,29,27
John Schneider,John Schneider,20181110,19,27
John Schneider,John Schneider,20181111,16,27
John Schneider,John Schneider,20181112,23,27
John Schneider,John Schneider,20181113,13,27
John Schneider,John Schneider,20181114,11,27
John Schneider,John Schneider,20181115,12,27
John Schneider,John Schneider,20181116,10,27
John Schneider,John Schneider,20181117,11,27
John Schneider,John Schneider,20181118,8,27
John Schneider,John Schneider,20181119,7,27
John Schneider,John Schneider,20181120,29,27
John Schneider,John Schneider,20181121,8,27
John Schneider,John Schneider,20181122,15,27
John Schneider,John Schneider,20181123,23,27
John Schneider,John Schneider,20181124,24,27
John Schneider,John Schneider,20181125,13,27
Juan Pablo Di Pace,Juan Pablo Di Pace,20180924,1984,27
Juan Pablo Di Pace,Juan Pablo Di Pace,20180925,24630,27
Juan Pablo Di Pace,Juan Pablo Di Pace,20180926,8426,27
Juan Pablo Di Pace,Juan Pablo Di Pace,20180927,2441,27
Juan Pablo Di Pace,Juan Pablo Di Pace,20180928,1469,27
Juan Pablo Di Pace,Juan Pablo Di Pace,20180929,1435,27
Juan Pablo Di Pace,Juan Pablo Di Pace,20180930,1393,27
Juan Pablo Di Pace,Juan Pablo Di Pace,20181001,1309,27
Juan Pablo Di Pace,Juan Pablo Di Pace,20181002,8732,27
Juan Pablo Di Pace,Juan Pablo Di Pace,20181003,13069,27
Juan Pablo Di Pace,Juan Pablo Di Pace,20181004,2696,27
Juan Pablo Di Pace,Juan Pablo Di Pace,20181005,1658,27
Juan Pablo Di Pace,Juan Pablo Di Pace,20181006,1369,27
Juan Pablo Di Pace,Juan Pablo Di Pace,20181007,1286,27
Juan Pablo Di Pace,Juan Pablo Di Pace,20181008,1283,27
Juan Pablo Di Pace,Juan Pablo Di Pace,20181009,40423,27
Juan Pablo Di Pace,Juan Pablo Di Pace,20181010,7629,27
Juan Pablo Di Pace,Juan Pablo Di Pace,20181011,3744,27
Juan Pablo Di Pace,Juan Pablo Di Pace,20181012,2432,27
Juan Pablo Di Pace,Juan Pablo Di Pace,20181013,2390,27
Juan Pablo Di Pace,Juan Pablo Di Pace,20181014,1873,27
Juan Pablo Di Pace,Juan Pablo Di Pace,20181015,1767,27
Juan Pablo Di Pace,Juan Pablo Di Pace,20181016,9391,27
Juan Pablo Di Pace,Juan Pablo Di Pace,20181017,2355,27
Juan Pablo Di Pace,Juan Pablo Di Pace,20181018,1663,27
Juan Pablo Di Pace,Juan Pablo Di Pace,20181019,1388,27
Juan Pablo Di Pace,Juan Pablo Di Pace,20181020,1298,27
Juan Pablo Di Pace,Juan Pablo Di Pace,20181021,1289,27
Juan Pablo Di Pace,Juan Pablo Di Pace,20181022,1202,27
Juan Pablo Di Pace,Juan Pablo Di Pace,20181023,11452,27
Juan Pablo Di Pace,Juan Pablo Di Pace,20181024,2183,27
Juan Pablo Di Pace,Juan Pablo Di Pace,20181025,1370,27
Juan Pablo Di Pace,Juan Pablo Di Pace,20181026,1150,27
Juan Pablo Di Pace,Juan Pablo Di Pace,20181027,1155,27
Juan Pablo Di Pace,Juan Pablo Di Pace,20181028,1174,27
Juan Pablo Di Pace,Juan Pablo Di Pace,20181029,1451,27
Juan Pablo Di Pace,Juan Pablo Di Pace,20181030,16927,27
Juan Pablo Di Pace,Juan Pablo Di Pace,20181031,3074,27
Juan Pablo Di Pace,Juan Pablo Di Pace,20181101,1758,27
Juan Pablo Di Pace,Juan Pablo Di Pace,20181102,1598,27
Juan Pablo Di Pace,Juan Pablo Di Pace,20181103,1356,27
Juan Pablo Di Pace,Juan Pablo Di Pace,20181104,1329,27
Juan Pablo Di Pace,Juan Pablo Di Pace,20181105,1128,27
Juan Pablo Di Pace,Juan Pablo Di Pace,20181106,14800,27
Juan Pablo Di Pace,Juan Pablo Di Pace,20181107,2912,27
Juan Pablo Di Pace,Juan Pablo Di Pace,20181108,1810,27
Juan Pablo Di Pace,Juan Pablo Di Pace,20181109,1273,27
Juan Pablo Di Pace,Juan Pablo Di Pace,20181110,1305,27
Juan Pablo Di Pace,Juan Pablo Di Pace,20181111,1248,27
Juan Pablo Di Pace,Juan Pablo Di Pace,20181112,1226,27
Juan Pablo Di Pace,Juan Pablo Di Pace,20181113,51708,27
Juan Pablo Di Pace,Juan Pablo Di Pace,20181114,7405,27
Juan Pablo Di Pace,Juan Pablo Di Pace,20181115,3287,27
Juan Pablo Di Pace,Juan Pablo Di Pace,20181116,2280,27
Juan Pablo Di Pace,Juan Pablo Di Pace,20181117,2007,27
Juan Pablo Di Pace,Juan Pablo Di Pace,20181118,1835,27
Juan Pablo Di Pace,Juan Pablo Di Pace,20181119,2008,27
Juan Pablo Di Pace,Juan Pablo Di Pace,20181120,10312,27
Juan Pablo Di Pace,Juan Pablo Di Pace,20181121,2383,27
Juan Pablo Di Pace,Juan Pablo Di Pace,20181122,1539,27
Juan Pablo Di Pace,Juan Pablo Di Pace,20181123,1175,27
Juan Pablo Di Pace,Juan Pablo Di Pace,20181124,1148,27
Juan Pablo Di Pace,Juan Pablo Di Pace,20181125,1167,27
Mary Lou Retton,Mary Lou Retton,20180924,5120,27
Mary Lou Retton,Mary Lou Retton,20180925,121935,27
Mary Lou Retton,Mary Lou Retton,20180926,65970,27
Mary Lou Retton,Mary Lou Retton,20180927,10401,27
Mary Lou Retton,Mary Lou Retton,20180928,5974,27
Mary Lou Retton,Mary Lou Retton,20180929,5241,27
Mary Lou Retton,Mary Lou Retton,20180930,4826,27
Mary Lou Retton,Mary Lou Retton,20181001,3950,27
Mary Lou Retton,Mary Lou Retton,20181002,48003,27
Mary Lou Retton,Mary Lou Retton,20181003,31447,27
Mary Lou Retton,Mary Lou Retton,20181004,6274,27
Mary Lou Retton,Mary Lou Retton,20181005,4009,27
Mary Lou Retton,Mary Lou Retton,20181006,3281,27
Mary Lou Retton,Mary Lou Retton,20181007,2975,27
Mary Lou Retton,Mary Lou Retton,20181008,2535,27
Mary Lou Retton,Mary Lou Retton,20181009,63944,27
Mary Lou Retton,Mary Lou Retton,20181010,7858,27
Mary Lou Retton,Mary Lou Retton,20181011,5196,27
Mary Lou Retton,Mary Lou Retton,20181012,3465,27
Mary Lou Retton,Mary Lou Retton,20181013,2940,27
Mary Lou Retton,Mary Lou Retton,20181014,2561,27
Mary Lou Retton,Mary Lou Retton,20181015,2263,27
Mary Lou Retton,Mary Lou Retton,20181016,23322,27
Mary Lou Retton,Mary Lou Retton,20181017,3898,27
Mary Lou Retton,Mary Lou Retton,20181018,2676,27
Mary Lou Retton,Mary Lou Retton,20181019,1932,27
Mary Lou Retton,Mary Lou Retton,20181020,1910,27
Mary Lou Retton,Mary Lou Retton,20181021,1629,27
Mary Lou Retton,Mary Lou Retton,20181022,1608,27
Mary Lou Retton,Mary Lou Retton,20181023,57199,27
Mary Lou Retton,Mary Lou Retton,20181024,6547,27
Mary Lou Retton,Mary Lou Retton,20181025,3496,27
Mary Lou Retton,Mary Lou Retton,20181026,2516,27
Mary Lou Retton,Mary Lou Retton,20181027,2229,27
Mary Lou Retton,Mary Lou Retton,20181028,2111,27
Mary Lou Retton,Mary Lou Retton,20181029,2358,27
Mary Lou Retton,Mary Lou Retton,20181030,74228,27
Mary Lou Retton,Mary Lou Retton,20181031,13595,27
Mary Lou Retton,Mary Lou Retton,20181101,5103,27
Mary Lou Retton,Mary Lou Retton,20181102,3885,27
Mary Lou Retton,Mary Lou Retton,20181103,2874,27
Mary Lou Retton,Mary Lou Retton,20181104,3123,27
Mary Lou Retton,Mary Lou Retton,20181105,2966,27
Mary Lou Retton,Mary Lou Retton,20181106,3343,27
Mary Lou Retton,Mary Lou Retton,20181107,2150,27
Mary Lou Retton,Mary Lou Retton,20181108,1968,27
Mary Lou Retton,Mary Lou Retton,20181109,2012,27
Mary Lou Retton,Mary Lou Retton,20181110,1609,27
Mary Lou Retton,Mary Lou Retton,20181111,1449,27
Mary Lou Retton,Mary Lou Retton,20181112,1233,27
Mary Lou Retton,Mary Lou Retton,20181113,1683,27
Mary Lou Retton,Mary Lou Retton,20181114,1276,27
Mary Lou Retton,Mary Lou Retton,20181115,1555,27
Mary Lou Retton,Mary Lou Retton,20181116,1353,27
Mary Lou Retton,Mary Lou Retton,20181117,1533,27
Mary Lou Retton,Mary Lou Retton,20181118,1101,27
Mary Lou Retton,Mary Lou Retton,20181119,874,27
Mary Lou Retton,Mary Lou Retton,20181120,1788,27
Mary Lou Retton,Mary Lou Retton,20181121,812,27
Mary Lou Retton,Mary Lou Retton,20181122,789,27
Mary Lou Retton,Mary Lou Retton,20181123,665,27
Mary Lou Retton,Mary Lou Retton,20181124,676,27
Mary Lou Retton,Mary Lou Retton,20181125,748,27
Milo Manheim,Milo Manheim,20180924,3190,27
Milo Manheim,Milo Manheim,20180925,21458,27
Milo Manheim,Milo Manheim,20180926,10217,27
Milo Manheim,Milo Manheim,20180927,2822,27
Milo Manheim,Milo Manheim,20180928,1834,27
Milo Manheim,Milo Manheim,20180929,1893,27
Milo Manheim,Milo Manheim,20180930,2181,27
Milo Manheim,Milo Manheim,20181001,1717,27
Milo Manheim,Milo Manheim,20181002,36070,27
Milo Manheim,Milo Manheim,20181003,44423,27
Milo Manheim,Milo Manheim,20181004,8637,27
Milo Manheim,Milo Manheim,20181005,4831,27
Milo Manheim,Milo Manheim,20181006,5908,27
Milo Manheim,Milo Manheim,20181007,3942,27
Milo Manheim,Milo Manheim,20181008,4245,27
Milo Manheim,Milo Manheim,20181009,43774,27
Milo Manheim,Milo Manheim,20181010,7124,27
Milo Manheim,Milo Manheim,20181011,4498,27
Milo Manheim,Milo Manheim,20181012,3076,27
Milo Manheim,Milo Manheim,20181013,2599,27
Milo Manheim,Milo Manheim,20181014,2453,27
Milo Manheim,Milo Manheim,20181015,2601,27
Milo Manheim,Milo Manheim,20181016,16405,27
Milo Manheim,Milo Manheim,20181017,4376,27
Milo Manheim,Milo Manheim,20181018,5037,27
Milo Manheim,Milo Manheim,20181019,3325,27
Milo Manheim,Milo Manheim,20181020,2564,27
Milo Manheim,Milo Manheim,20181021,2550,27
Milo Manheim,Milo Manheim,20181022,2589,27
Milo Manheim,Milo Manheim,20181023,9722,27
Milo Manheim,Milo Manheim,20181024,3593,27
Milo Manheim,Milo Manheim,20181025,2542,27
Milo Manheim,Milo Manheim,20181026,1903,27
Milo Manheim,Milo Manheim,20181027,2277,27
Milo Manheim,Milo Manheim,20181028,3183,27
Milo Manheim,Milo Manheim,20181029,2204,27
Milo Manheim,Milo Manheim,20181030,20290,27
Milo Manheim,Milo Manheim,20181031,4941,27
Milo Manheim,Milo Manheim,20181101,2781,27
Milo Manheim,Milo Manheim,20181102,2220,27
Milo Manheim,Milo Manheim,20181103,2638,27
Milo Manheim,Milo Manheim,20181104,2185,27
Milo Manheim,Milo Manheim,20181105,1862,27
Milo Manheim,Milo Manheim,20181106,23104,27
Milo Manheim,Milo Manheim,20181107,4556,27
Milo Manheim,Milo Manheim,20181108,3934,27
Milo Manheim,Milo Manheim,20181109,3001,27
Milo Manheim,Milo Manheim,20181110,2369,27
Milo Manheim,Milo Manheim,20181111,2728,27
Milo Manheim,Milo Manheim,20181112,2343,27
Milo Manheim,Milo Manheim,20181113,43946,27
Milo Manheim,Milo Manheim,20181114,7015,27
Milo Manheim,Milo Manheim,20181115,3286,27
Milo Manheim,Milo Manheim,20181116,2651,27
Milo Manheim,Milo Manheim,20181117,2672,27
Milo Manheim,Milo Manheim,20181118,3258,27
Milo Manheim,Milo Manheim,20181119,4363,27
Milo Manheim,Milo Manheim,20181120,60356,27
Milo Manheim,Milo Manheim,20181121,9992,27
Milo Manheim,Milo Manheim,20181122,4939,27
Milo Manheim,Milo Manheim,20181123,3460,27
Milo Manheim,Milo Manheim,20181124,4223,27
Milo Manheim,Milo Manheim,20181125,4503,27
Nancy McKeon,Nancy McKeon,20180924,5310,27
Nancy McKeon,Nancy McKeon,20180925,75276,27
Nancy McKeon,Nancy McKeon,20180926,50118,27
Nancy McKeon,Nancy McKeon,20180927,9429,27
Nancy McKeon,Nancy McKeon,20180928,5012,27
Nancy McKeon,Nancy McKeon,20180929,4277,27
Nancy McKeon,Nancy McKeon,20180930,4489,27
Nancy McKeon,Nancy McKeon,20181001,4324,27
Nancy McKeon,Nancy McKeon,20181002,27734,27
Nancy McKeon,Nancy McKeon,20181003,22588,27
Nancy McKeon,Nancy McKeon,20181004,5005,27
Nancy McKeon,Nancy McKeon,20181005,3092,27
Nancy McKeon,Nancy McKeon,20181006,2614,27
Nancy McKeon,Nancy McKeon,20181007,2700,27
Nancy McKeon,Nancy McKeon,20181008,2867,27
Nancy McKeon,Nancy McKeon,20181009,54383,27
Nancy McKeon,Nancy McKeon,20181010,8057,27
Nancy McKeon,Nancy McKeon,20181011,4413,27
Nancy McKeon,Nancy McKeon,20181012,2932,27
Nancy McKeon,Nancy McKeon,20181013,2401,27
Nancy McKeon,Nancy McKeon,20181014,2429,27
Nancy McKeon,Nancy McKeon,20181015,2392,27
Nancy McKeon,Nancy McKeon,20181016,3064,27
Nancy McKeon,Nancy McKeon,20181017,2014,27
Nancy McKeon,Nancy McKeon,20181018,1528,27
Nancy McKeon,Nancy McKeon,20181019,1508,27
Nancy McKeon,Nancy McKeon,20181020,1517,27
Nancy McKeon,Nancy McKeon,20181021,1490,27
Nancy McKeon,Nancy McKeon,20181022,1680,27
Nancy McKeon,Nancy McKeon,20181023,2182,27
Nancy McKeon,Nancy McKeon,20181024,1566,27
Nancy McKeon,Nancy McKeon,20181025,1207,27
Nancy McKeon,Nancy McKeon,20181026,1078,27
Nancy McKeon,Nancy McKeon,20181027,1317,27
Nancy McKeon,Nancy McKeon,20181028,1311,27
Nancy McKeon,Nancy McKeon,20181029,1331,27
Nancy McKeon,Nancy McKeon,20181030,2073,27
Nancy McKeon,Nancy McKeon,20181031,1315,27
Nancy McKeon,Nancy McKeon,20181101,1090,27
Nancy McKeon,Nancy McKeon,20181102,1144,27
Nancy McKeon,Nancy McKeon,20181103,1062,27
Nancy McKeon,Nancy McKeon,20181104,1289,27
Nancy McKeon,Nancy McKeon,20181105,1314,27
Nancy McKeon,Nancy McKeon,20181106,1807,27
Nancy McKeon,Nancy McKeon,20181107,1250,27
Nancy McKeon,Nancy McKeon,20181108,1238,27
Nancy McKeon,Nancy McKeon,20181109,1071,27
Nancy McKeon,Nancy McKeon,20181110,1101,27
Nancy McKeon,Nancy McKeon,20181111,1288,27
Nancy McKeon,Nancy McKeon,20181112,1184,27
Nancy McKeon,Nancy McKeon,20181113,2273,27
Nancy McKeon,Nancy McKeon,20181114,1190,27
Nancy McKeon,Nancy McKeon,20181115,1050,27
Nancy McKeon,Nancy McKeon,20181116,1056,27
Nancy McKeon,Nancy McKeon,20181117,966,27
Nancy McKeon,Nancy McKeon,20181118,1577,27
Nancy McKeon,Nancy McKeon,20181119,1181,27
Nancy McKeon,Nancy McKeon,20181120,2407,27
Nancy McKeon,Nancy McKeon,20181121,1236,27
Nancy McKeon,Nancy McKeon,20181122,942,27
Nancy McKeon,Nancy McKeon,20181123,879,27
Nancy McKeon,Nancy McKeon,20181124,988,27
Nancy McKeon,Nancy McKeon,20181125,1004,27
Nikki Glaser,Nikki Glaser,20180924,2352,27
Nikki Glaser,Nikki Glaser,20180925,14841,27
Nikki Glaser,Nikki Glaser,20180926,22386,27
Nikki Glaser,Nikki Glaser,20180927,3953,27
Nikki Glaser,Nikki Glaser,20180928,2136,27
Nikki Glaser,Nikki Glaser,20180929,1837,27
Nikki Glaser,Nikki Glaser,20180930,1982,27
Nikki Glaser,Nikki Glaser,20181001,1761,27
Nikki Glaser,Nikki Glaser,20181002,3833,27
Nikki Glaser,Nikki Glaser,20181003,8057,27
Nikki Glaser,Nikki Glaser,20181004,13496,27
Nikki Glaser,Nikki Glaser,20181005,6481,27
Nikki Glaser,Nikki Glaser,20181006,4238,27
Nikki Glaser,Nikki Glaser,20181007,6870,27
Nikki Glaser,Nikki Glaser,20181008,13128,27
Nikki Glaser,Nikki Glaser,20181009,12372,27
Nikki Glaser,Nikki Glaser,20181010,9820,27
Nikki Glaser,Nikki Glaser,20181011,3275,27
Nikki Glaser,Nikki Glaser,20181012,2128,27
Nikki Glaser,Nikki Glaser,20181013,1725,27
Nikki Glaser,Nikki Glaser,20181014,1519,27
Nikki Glaser,Nikki Glaser,20181015,1893,27
Nikki Glaser,Nikki Glaser,20181016,2151,27
Nikki Glaser,Nikki Glaser,20181017,1745,27
Nikki Glaser,Nikki Glaser,20181018,1738,27
Nikki Glaser,Nikki Glaser,20181019,2270,27
Nikki Glaser,Nikki Glaser,20181020,1443,27
Nikki Glaser,Nikki Glaser,20181021,1189,27
Nikki Glaser,Nikki Glaser,20181022,1301,27
Nikki Glaser,Nikki Glaser,20181023,1798,27
Nikki Glaser,Nikki Glaser,20181024,1157,27
Nikki Glaser,Nikki Glaser,20181025,1026,27
Nikki Glaser,Nikki Glaser,20181026,898,27
Nikki Glaser,Nikki Glaser,20181027,828,27
Nikki Glaser,Nikki Glaser,20181028,835,27
Nikki Glaser,Nikki Glaser,20181029,1180,27
Nikki Glaser,Nikki Glaser,20181030,26226,27
Nikki Glaser,Nikki Glaser,20181031,13868,27
Nikki Glaser,Nikki Glaser,20181101,4753,27
Nikki Glaser,Nikki Glaser,20181102,11922,27
Nikki Glaser,Nikki Glaser,20181103,4972,27
Nikki Glaser,Nikki Glaser,20181104,3363,27
Nikki Glaser,Nikki Glaser,20181105,2713,27
Nikki Glaser,Nikki Glaser,20181106,2510,27
Nikki Glaser,Nikki Glaser,20181107,1765,27
Nikki Glaser,Nikki Glaser,20181108,1456,27
Nikki Glaser,Nikki Glaser,20181109,1614,27
Nikki Glaser,Nikki Glaser,20181110,1169,27
Nikki Glaser,Nikki Glaser,20181111,942,27
Nikki Glaser,Nikki Glaser,20181112,1072,27
Nikki Glaser,Nikki Glaser,20181113,1803,27
Nikki Glaser,Nikki Glaser,20181114,1277,27
Nikki Glaser,Nikki Glaser,20181115,1143,27
Nikki Glaser,Nikki Glaser,20181116,894,27
Nikki Glaser,Nikki Glaser,20181117,860,27
Nikki Glaser,Nikki Glaser,20181118,815,27
Nikki Glaser,Nikki Glaser,20181119,990,27
Nikki Glaser,Nikki Glaser,20181120,2232,27
Nikki Glaser,Nikki Glaser,20181121,1351,27
Nikki Glaser,Nikki Glaser,20181122,889,27
Nikki Glaser,Nikki Glaser,20181123,765,27
Nikki Glaser,Nikki Glaser,20181124,859,27
Nikki Glaser,Nikki Glaser,20181125,896,27
Tinashe,Tinashe,20180924,2619,27
Tinashe,Tinashe,20180925,21731,27
Tinashe,Tinashe,20180926,11288,27
Tinashe,Tinashe,20180927,3388,27
Tinashe,Tinashe,20180928,2261,27
Tinashe,Tinashe,20180929,2351,27
Tinashe,Tinashe,20180930,2449,27
Tinashe,Tinashe,20181001,2249,27
Tinashe,Tinashe,20181002,15370,27
Tinashe,Tinashe,20181003,11252,27
Tinashe,Tinashe,20181004,3453,27
Tinashe,Tinashe,20181005,2363,27
Tinashe,Tinashe,20181006,2278,27
Tinashe,Tinashe,20181007,2272,27
Tinashe,Tinashe,20181008,2427,27
Tinashe,Tinashe,20181009,25382,27
Tinashe,Tinashe,20181010,5191,27
Tinashe,Tinashe,20181011,3219,27
Tinashe,Tinashe,20181012,2553,27
Tinashe,Tinashe,20181013,2471,27
Tinashe,Tinashe,20181014,2479,27
Tinashe,Tinashe,20181015,2250,27
Tinashe,Tinashe,20181016,9153,27
Tinashe,Tinashe,20181017,3353,27
Tinashe,Tinashe,20181018,2191,27
Tinashe,Tinashe,20181019,2173,27
Tinashe,Tinashe,20181020,2043,27
Tinashe,Tinashe,20181021,1872,27
Tinashe,Tinashe,20181022,1871,27
Tinashe,Tinashe,20181023,2416,27
Tinashe,Tinashe,20181024,1739,27
Tinashe,Tinashe,20181025,1832,27
Tinashe,Tinashe,20181026,1506,27
Tinashe,Tinashe,20181027,1521,27
Tinashe,Tinashe,20181028,1849,27
Tinashe,Tinashe,20181029,3964,27
Tinashe,Tinashe,20181030,4869,27
Tinashe,Tinashe,20181031,2186,27
Tinashe,Tinashe,20181101,1637,27
Tinashe,Tinashe,20181102,1713,27
Tinashe,Tinashe,20181103,1703,27
Tinashe,Tinashe,20181104,2055,27
Tinashe,Tinashe,20181105,1809,27
Tinashe,Tinashe,20181106,2110,27
Tinashe,Tinashe,20181107,1613,27
Tinashe,Tinashe,20181108,1516,27
Tinashe,Tinashe,20181109,1410,27
Tinashe,Tinashe,20181110,1530,27
Tinashe,Tinashe,20181111,1746,27
Tinashe,Tinashe,20181112,1519,27
Tinashe,Tinashe,20181113,1909,27
Tinashe,Tinashe,20181114,1460,27
Tinashe,Tinashe,20181115,1407,27
Tinashe,Tinashe,20181116,1506,27
Tinashe,Tinashe,20181117,1788,27
Tinashe,Tinashe,20181118,1572,27
Tinashe,Tinashe,20181119,1642,27
Tinashe,Tinashe,20181120,4433,27
Tinashe,Tinashe,20181121,2125,27
Tinashe,Tinashe,20181122,1908,27
Tinashe,Tinashe,20181123,2062,27
Tinashe,Tinashe,20181124,3902,27
Tinashe,Tinashe,20181125,4289,27
