season,week,celebrity,trend,trend_filled,trend_missing_raw,trend_filled_from,timeframe,kw
27,1,Alexis Ren,32.714285714285715,32.714285714285715,False,original,2018-09-24 2018-09-30,Alexis Ren Dancing with the Stars
27,2,Alexis Ren,34.0,34.0,False,original,2018-10-01 2018-10-07,Alexis Ren Dancing with the Stars
27,3,Alexis Ren,17.714285714285715,17.714285714285715,False,original,2018-10-08 2018-10-14,Alexis Ren Dancing with the Stars
27,4,Alexis Ren,17.857142857142858,17.857142857142858,False,original,2018-10-15 2018-10-21,Alexis Ren Dancing with the Stars
27,5,Alexis Ren,17.285714285714285,17.285714285714285,False,original,2018-10-22 2018-10-28,Alexis Ren Dancing with the Stars
27,6,Alexis Ren,20.142857142857142,20.142857142857142,False,original,2018-10-29 2018-11-04,Alexis Ren Dancing with the Stars
27,7,Alexis Ren,24.571428571428573,24.571428571428573,False,original,2018-11-05 2018-11-11,Alexis Ren Dancing with the Stars
27,8,Alexis Ren,21.857142857142858,21.857142857142858,False,original,2018-11-12 2018-11-18,Alexis Ren Dancing with the Stars
27,9,Alexis Ren,20.714285714285715,20.714285714285715,False,original,2018-11-19 2018-11-25,Alexis Ren Dancing with the Stars
27,1,Bobby Bones,24.142857142857142,24.142857142857142,False,original,2018-09-24 2018-09-30,Bobby Bones Dancing with the Stars
27,2,Bobby Bones,28.714285714285715,28.714285714285715,False,original,2018-10-01 2018-10-07,Bobby Bones Dancing with the Stars
27,3,Bobby Bones,21.428571428571427,21.428571428571427,False,original,2018-10-08 2018-10-14,Bobby Bones Dancing with the Stars
27,4,Bobby Bones,22.857142857142858,22.857142857142858,False,original,2018-10-15 2018-10-21,Bobby Bones Dancing with the Stars
27,5,Bobby Bones,22.428571428571427,22.428571428571427,False,original,2018-10-22 2018-10-28,Bobby Bones Dancing with the Stars
27,6,Bobby Bones,26.142857142857142,26.142857142857142,False,original,2018-10-29 2018-11-04,Bobby Bones Dancing with the Stars
27,7,Bobby Bones,23.0,23.0,False,original,2018-11-05 2018-11-11,Bobby Bones Dancing with the Stars
27,8,Bobby Bones,26.285714285714285,26.285714285714285,False,original,2018-11-12 2018-11-18,Bobby Bones Dancing with the Stars
27,9,Bobby Bones,19.428571428571427,19.428571428571427,False,original,2018-11-19 2018-11-25,Bobby Bones Dancing with the Stars
27,1,Danelle Umstead,29.428571428571427,29.428571428571427,False,original,2018-09-24 2018-09-30,Danelle Umstead Dancing with the Stars
27,2,Danelle Umstead,29.428571428571427,29.428571428571427,False,original,2018-10-01 2018-10-07,Danelle Umstead Dancing with the Stars
27,3,Danelle Umstead,,26.4,True,interp,2018-10-08 2018-10-14,Danelle Umstead Dancing with the Stars
27,4,Danelle Umstead,,23.37142857142857,True,interp,2018-10-15 2018-10-21,Danelle Umstead Dancing with the Stars
27,5,Danelle Umstead,,20.34285714285714,True,interp,2018-10-22 2018-10-28,Danelle Umstead Dancing with the Stars
27,6,Danelle Umstead,,17.314285714285717,True,interp,2018-10-29 2018-11-04,Danelle Umstead Dancing with the Stars
27,7,Danelle Umstead,14.285714285714286,14.285714285714286,False,original,2018-11-05 2018-11-11,Danelle Umstead Dancing with the Stars
27,8,Danelle Umstead,,14.285714285714286,True,interp,2018-11-12 2018-11-18,Danelle Umstead Dancing with the Stars
27,9,Danelle Umstead,,14.285714285714286,True,interp,2018-11-19 2018-11-25,Danelle Umstead Dancing with the Stars
27,1,DeMarcus Ware,26.142857142857142,26.142857142857142,False,original,2018-09-24 2018-09-30,DeMarcus Ware Dancing with the Stars
27,2,DeMarcus Ware,30.285714285714285,30.285714285714285,False,original,2018-10-01 2018-10-07,DeMarcus Ware Dancing with the Stars
27,3,DeMarcus Ware,14.285714285714286,14.285714285714286,False,original,2018-10-08 2018-10-14,DeMarcus Ware Dancing with the Stars
27,4,DeMarcus Ware,14.285714285714286,14.285714285714286,False,original,2018-10-15 2018-10-21,DeMarcus Ware Dancing with the Stars
27,5,DeMarcus Ware,14.285714285714286,14.285714285714286,False,original,2018-10-22 2018-10-28,DeMarcus Ware Dancing with the Stars
27,6,DeMarcus Ware,14.285714285714286,14.285714285714286,False,original,2018-10-29 2018-11-04,DeMarcus Ware Dancing with the Stars
27,7,DeMarcus Ware,14.285714285714286,14.285714285714286,False,original,2018-11-05 2018-11-11,DeMarcus Ware Dancing with the Stars
27,8,DeMarcus Ware,,14.285714285714286,True,interp,2018-11-12 2018-11-18,DeMarcus Ware Dancing with the Stars
27,9,DeMarcus Ware,14.285714285714286,14.285714285714286,False,original,2018-11-19 2018-11-25,DeMarcus Ware Dancing with the Stars
27,1,Evanna Lynch,20.142857142857142,20.142857142857142,False,original,2018-09-24 2018-09-30,Evanna Lynch Dancing with the Stars
27,2,Evanna Lynch,28.0,28.0,False,original,2018-10-01 2018-10-07,Evanna Lynch Dancing with the Stars
27,3,Evanna Lynch,19.428571428571427,19.428571428571427,False,original,2018-10-08 2018-10-14,Evanna Lynch Dancing with the Stars
27,4,Evanna Lynch,14.285714285714286,14.285714285714286,False,original,2018-10-15 2018-10-21,Evanna Lynch Dancing with the Stars
27,5,Evanna Lynch,14.285714285714286,14.285714285714286,False,original,2018-10-22 2018-10-28,Evanna Lynch Dancing with the Stars
27,6,Evanna Lynch,19.857142857142858,19.857142857142858,False,original,2018-10-29 2018-11-04,Evanna Lynch Dancing with the Stars
27,7,Evanna Lynch,14.285714285714286,14.285714285714286,False,original,2018-11-05 2018-11-11,Evanna Lynch Dancing with the Stars
27,8,Evanna Lynch,19.714285714285715,19.714285714285715,False,original,2018-11-12 2018-11-18,Evanna Lynch Dancing with the Stars
27,9,Evanna Lynch,20.857142857142858,20.857142857142858,False,original,2018-11-19 2018-11-25,Evanna Lynch Dancing with the Stars
27,1,Joe Amabile,23.0,23.0,False,original,2018-09-24 2018-09-30,Joe Amabile Dancing with the Stars
27,2,Joe Amabile,25.142857142857142,25.142857142857142,False,original,2018-10-01 2018-10-07,Joe Amabile Dancing with the Stars
27,3,Joe Amabile,14.285714285714286,14.285714285714286,False,original,2018-10-08 2018-10-14,Joe Amabile Dancing with the Stars
27,4,Joe Amabile,14.285714285714286,14.285714285714286,False,original,2018-10-15 2018-10-21,Joe Amabile Dancing with the Stars
27,5,Joe Amabile,14.285714285714286,14.285714285714286,False,original,2018-10-22 2018-10-28,Joe Amabile Dancing with the Stars
27,6,Joe Amabile,14.285714285714286,14.285714285714286,False,original,2018-10-29 2018-11-04,Joe Amabile Dancing with the Stars
27,7,Joe Amabile,14.285714285714286,14.285714285714286,False,original,2018-11-05 2018-11-11,Joe Amabile Dancing with the Stars
27,8,Joe Amabile,14.285714285714286,14.285714285714286,False,original,2018-11-12 2018-11-18,Joe Amabile Dancing with the Stars
27,9,Joe Amabile,14.285714285714286,14.285714285714286,False,original,2018-11-19 2018-11-25,Joe Amabile Dancing with the Stars
27,1,John Schneider,24.285714285714285,24.285714285714285,False,original,2018-09-24 2018-09-30,John Schneider Dancing with the Stars
27,2,John Schneider,23.428571428571427,23.428571428571427,False,original,2018-10-01 2018-10-07,John Schneider Dancing with the Stars
27,3,John Schneider,14.285714285714286,14.285714285714286,False,original,2018-10-08 2018-10-14,John Schneider Dancing with the Stars
27,4,John Schneider,14.285714285714286,14.285714285714286,False,original,2018-10-15 2018-10-21,John Schneider Dancing with the Stars
27,5,John Schneider,18.714285714285715,18.714285714285715,False,original,2018-10-22 2018-10-28,John Schneider Dancing with the Stars
27,6,John Schneider,14.285714285714286,14.285714285714286,False,original,2018-10-29 2018-11-04,John Schneider Dancing with the Stars
27,7,John Schneider,16.714285714285715,16.714285714285715,False,original,2018-11-05 2018-11-11,John Schneider Dancing with the Stars
27,8,John Schneider,14.285714285714286,14.285714285714286,False,original,2018-11-12 2018-11-18,John Schneider Dancing with the Stars
27,9,John Schneider,14.285714285714286,14.285714285714286,False,original,2018-11-19 2018-11-25,John Schneider Dancing with the Stars
27,1,Juan Pablo Di Pace,17.0,17.0,False,original,2018-09-24 2018-09-30,Juan Pablo Di Pace Dancing with the Stars
27,2,Juan Pablo Di Pace,26.0,26.0,False,original,2018-10-01 2018-10-07,Juan Pablo Di Pace Dancing with the Stars
27,3,Juan Pablo Di Pace,14.285714285714286,14.285714285714286,False,original,2018-10-08 2018-10-14,Juan Pablo Di Pace Dancing with the Stars
27,4,Juan Pablo Di Pace,14.285714285714286,14.285714285714286,False,original,2018-10-15 2018-10-21,Juan Pablo Di Pace Dancing with the Stars
27,5,Juan Pablo Di Pace,14.285714285714286,14.285714285714286,False,original,2018-10-22 2018-10-28,Juan Pablo Di Pace Dancing with the Stars
27,6,Juan Pablo Di Pace,14.285714285714286,14.285714285714286,False,original,2018-10-29 2018-11-04,Juan Pablo Di Pace Dancing with the Stars
27,7,Juan Pablo Di Pace,14.285714285714286,14.285714285714286,False,original,2018-11-05 2018-11-11,Juan Pablo Di Pace Dancing with the Stars
27,8,Juan Pablo Di Pace,17.428571428571427,17.428571428571427,False,original,2018-11-12 2018-11-18,Juan Pablo Di Pace Dancing with the Stars
27,9,Juan Pablo Di Pace,14.285714285714286,14.285714285714286,False,original,2018-11-19 2018-11-25,Juan Pablo Di Pace Dancing with the Stars
27,1,Mary Lou Retton,26.571428571428573,26.571428571428573,False,original,2018-09-24 2018-09-30,Mary Lou Retton Dancing with the Stars
27,2,Mary Lou Retton,26.428571428571427,26.428571428571427,False,original,2018-10-01 2018-10-07,Mary Lou Retton Dancing with the Stars
27,3,Mary Lou Retton,16.285714285714285,16.285714285714285,False,original,2018-10-08 2018-10-14,Mary Lou Retton Dancing with the Stars
27,4,Mary Lou Retton,14.285714285714286,14.285714285714286,False,original,2018-10-15 2018-10-21,Mary Lou Retton Dancing with the Stars
27,5,Mary Lou Retton,14.285714285714286,14.285714285714286,False,original,2018-10-22 2018-10-28,Mary Lou Retton Dancing with the Stars
27,6,Mary Lou Retton,17.0,17.0,False,original,2018-10-29 2018-11-04,Mary Lou Retton Dancing with the Stars
27,7,Mary Lou Retton,,17.0,True,interp,2018-11-05 2018-11-11,Mary Lou Retton Dancing with the Stars
27,8,Mary Lou Retton,,17.0,True,interp,2018-11-12 2018-11-18,Mary Lou Retton Dancing with the Stars
27,9,Mary Lou Retton,,17.0,True,interp,2018-11-19 2018-11-25,Mary Lou Retton Dancing with the Stars
27,1,Milo Manheim,25.571428571428573,25.571428571428573,False,original,2018-09-24 2018-09-30,Milo Manheim Dancing with the Stars
27,2,Milo Manheim,31.142857142857142,31.142857142857142,False,original,2018-10-01 2018-10-07,Milo Manheim Dancing with the Stars
27,3,Milo Manheim,20.428571428571427,20.428571428571427,False,original,2018-10-08 2018-10-14,Milo Manheim Dancing with the Stars
27,4,Milo Manheim,20.285714285714285,20.285714285714285,False,original,2018-10-15 2018-10-21,Milo Manheim Dancing with the Stars
27,5,Milo Manheim,23.142857142857142,23.142857142857142,False,original,2018-10-22 2018-10-28,Milo Manheim Dancing with the Stars
27,6,Milo Manheim,21.142857142857142,21.142857142857142,False,original,2018-10-29 2018-11-04,Milo Manheim Dancing with the Stars
27,7,Milo Manheim,19.285714285714285,19.285714285714285,False,original,2018-11-05 2018-11-11,Milo Manheim Dancing with the Stars
27,8,Milo Manheim,17.428571428571427,17.428571428571427,False,original,2018-11-12 2018-11-18,Milo Manheim Dancing with the Stars
27,9,Milo Manheim,19.0,19.0,False,original,2018-11-19 2018-11-25,Milo Manheim Dancing with the Stars
27,1,Nancy McKeon,30.857142857142858,30.857142857142858,False,original,2018-09-24 2018-09-30,Nancy McKeon Dancing with the Stars
27,2,Nancy McKeon,23.714285714285715,23.714285714285715,False,original,2018-10-01 2018-10-07,Nancy McKeon Dancing with the Stars
27,3,Nancy McKeon,16.857142857142858,16.857142857142858,False,original,2018-10-08 2018-10-14,Nancy McKeon Dancing with the Stars
27,4,Nancy McKeon,14.285714285714286,14.285714285714286,False,original,2018-10-15 2018-10-21,Nancy McKeon Dancing with the Stars
27,5,Nancy McKeon,14.285714285714286,14.285714285714286,False,original,2018-10-22 2018-10-28,Nancy McKeon Dancing with the Stars
27,6,Nancy McKeon,,14.285714285714286,True,interp,2018-10-29 2018-11-04,Nancy McKeon Dancing with the Stars
27,7,Nancy McKeon,,14.285714285714286,True,interp,2018-11-05 2018-11-11,Nancy McKeon Dancing with the Stars
27,8,Nancy McKeon,,14.285714285714286,True,interp,2018-11-12 2018-11-18,Nancy McKeon Dancing with the Stars
27,9,Nancy McKeon,,14.285714285714286,True,interp,2018-11-19 2018-11-25,Nancy McKeon Dancing with the Stars
27,1,Nikki Glaser,23.428571428571427,23.428571428571427,False,original,2018-09-24 2018-09-30,Nikki Glaser Dancing with the Stars
27,2,Nikki Glaser,14.285714285714286,14.285714285714286,False,original,2018-10-01 2018-10-07,Nikki Glaser Dancing with the Stars
27,3,Nikki Glaser,,17.107142857142858,True,interp,2018-10-08 2018-10-14,Nikki Glaser Dancing with the Stars
27,4,Nikki Glaser,,19.92857142857143,True,interp,2018-10-15 2018-10-21,Nikki Glaser Dancing with the Stars
27,5,Nikki Glaser,,22.75,True,interp,2018-10-22 2018-10-28,Nikki Glaser Dancing with the Stars
27,6,Nikki Glaser,25.571428571428573,25.571428571428573,False,original,2018-10-29 2018-11-04,Nikki Glaser Dancing with the Stars
27,7,Nikki Glaser,,25.571428571428573,True,interp,2018-11-05 2018-11-11,Nikki Glaser Dancing with the Stars
27,8,Nikki Glaser,,25.571428571428573,True,interp,2018-11-12 2018-11-18,Nikki Glaser Dancing with the Stars
27,9,Nikki Glaser,,25.571428571428573,True,interp,2018-11-19 2018-11-25,Nikki Glaser Dancing with the Stars
27,1,Tinashe,23.571428571428573,23.571428571428573,False,original,2018-09-24 2018-09-30,Tinashe Dancing with the Stars
27,2,Tinashe,24.714285714285715,24.714285714285715,False,original,2018-10-01 2018-10-07,Tinashe Dancing with the Stars
27,3,Tinashe,16.857142857142858,16.857142857142858,False,original,2018-10-08 2018-10-14,Tinashe Dancing with the Stars
27,4,Tinashe,16.714285714285715,16.714285714285715,False,original,2018-10-15 2018-10-21,Tinashe Dancing with the Stars
27,5,Tinashe,14.285714285714286,14.285714285714286,False,original,2018-10-22 2018-10-28,Tinashe Dancing with the Stars
27,6,Tinashe,,14.285714285714286,True,interp,2018-10-29 2018-11-04,Tinashe Dancing with the Stars
27,7,Tinashe,,14.285714285714286,True,interp,2018-11-05 2018-11-11,Tinashe Dancing with the Stars
27,8,Tinashe,,14.285714285714286,True,interp,2018-11-12 2018-11-18,Tinashe Dancing with the Stars
27,9,Tinashe,14.285714285714286,14.285714285714286,False,original,2018-11-19 2018-11-25,Tinashe Dancing with the Stars
28,1,Ally Brooke,15.857142857142858,15.857142857142858,False,original,2019-09-16 2019-09-22,Ally Brooke Dancing with the Stars
28,2,Ally Brooke,14.285714285714286,14.285714285714286,False,original,2019-09-23 2019-09-29,Ally Brooke Dancing with the Stars
28,3,Ally Brooke,17.714285714285715,17.714285714285715,False,original,2019-09-30 2019-10-06,Ally Brooke Dancing with the Stars
28,4,Ally Brooke,14.285714285714286,14.285714285714286,False,original,2019-10-07 2019-10-13,Ally Brooke Dancing with the Stars
28,5,Ally Brooke,15.714285714285714,15.714285714285714,False,original,2019-10-14 2019-10-20,Ally Brooke Dancing with the Stars
28,6,Ally Brooke,14.285714285714286,14.285714285714286,False,original,2019-10-21 2019-10-27,Ally Brooke Dancing with the Stars
28,7,Ally Brooke,14.285714285714286,14.285714285714286,False,original,2019-10-28 2019-11-03,Ally Brooke Dancing with the Stars
28,8,Ally Brooke,14.285714285714286,14.285714285714286,False,original,2019-11-04 2019-11-10,Ally Brooke Dancing with the Stars
28,9,Ally Brooke,14.285714285714286,14.285714285714286,False,original,2019-11-11 2019-11-17,Ally Brooke Dancing with the Stars
28,10,Ally Brooke,17.142857142857142,17.142857142857142,False,original,2019-11-18 2019-11-24,Ally Brooke Dancing with the Stars
28,11,Ally Brooke,16.428571428571427,16.428571428571427,False,original,2019-11-25 2019-12-01,Ally Brooke Dancing with the Stars
28,1,Hannah Brown,19.142857142857142,19.142857142857142,False,original,2019-09-16 2019-09-22,Hannah Brown Dancing with the Stars
28,2,Hannah Brown,21.714285714285715,21.714285714285715,False,original,2019-09-23 2019-09-29,Hannah Brown Dancing with the Stars
28,3,Hannah Brown,20.285714285714285,20.285714285714285,False,original,2019-09-30 2019-10-06,Hannah Brown Dancing with the Stars
28,4,Hannah Brown,21.857142857142858,21.857142857142858,False,original,2019-10-07 2019-10-13,Hannah Brown Dancing with the Stars
28,5,Hannah Brown,22.857142857142858,22.857142857142858,False,original,2019-10-14 2019-10-20,Hannah Brown Dancing with the Stars
28,6,Hannah Brown,24.857142857142858,24.857142857142858,False,original,2019-10-21 2019-10-27,Hannah Brown Dancing with the Stars
28,7,Hannah Brown,33.42857142857143,33.42857142857143,False,original,2019-10-28 2019-11-03,Hannah Brown Dancing with the Stars
28,8,Hannah Brown,21.571428571428573,21.571428571428573,False,original,2019-11-04 2019-11-10,Hannah Brown Dancing with the Stars
28,9,Hannah Brown,26.285714285714285,26.285714285714285,False,original,2019-11-11 2019-11-17,Hannah Brown Dancing with the Stars
28,10,Hannah Brown,24.285714285714285,24.285714285714285,False,original,2019-11-18 2019-11-24,Hannah Brown Dancing with the Stars
28,11,Hannah Brown,21.285714285714285,21.285714285714285,False,original,2019-11-25 2019-12-01,Hannah Brown Dancing with the Stars
28,1,James Van Der Beek,19.428571428571427,19.428571428571427,False,original,2019-09-16 2019-09-22,James Van Der Beek Dancing with the Stars
28,2,James Van Der Beek,23.285714285714285,23.285714285714285,False,original,2019-09-23 2019-09-29,James Van Der Beek Dancing with the Stars
28,3,James Van Der Beek,14.285714285714286,14.285714285714286,False,original,2019-09-30 2019-10-06,James Van Der Beek Dancing with the Stars
28,4,James Van Der Beek,19.142857142857142,19.142857142857142,False,original,2019-10-07 2019-10-13,James Van Der Beek Dancing with the Stars
28,5,James Van Der Beek,14.285714285714286,14.285714285714286,False,original,2019-10-14 2019-10-20,James Van Der Beek Dancing with the Stars
28,6,James Van Der Beek,14.285714285714286,14.285714285714286,False,original,2019-10-21 2019-10-27,James Van Der Beek Dancing with the Stars
28,7,James Van Der Beek,14.285714285714286,14.285714285714286,False,original,2019-10-28 2019-11-03,James Van Der Beek Dancing with the Stars
28,8,James Van Der Beek,18.857142857142858,18.857142857142858,False,original,2019-11-04 2019-11-10,James Van Der Beek Dancing with the Stars
28,9,James Van Der Beek,21.571428571428573,21.571428571428573,False,original,2019-11-11 2019-11-17,James Van Der Beek Dancing with the Stars
28,10,James Van Der Beek,17.571428571428573,17.571428571428573,False,original,2019-11-18 2019-11-24,James Van Der Beek Dancing with the Stars
28,11,James Van Der Beek,19.571428571428573,19.571428571428573,False,original,2019-11-25 2019-12-01,James Van Der Beek Dancing with the Stars
28,1,Karamo Brown,17.714285714285715,17.714285714285715,False,original,2019-09-16 2019-09-22,Karamo Brown Dancing with the Stars
28,2,Karamo Brown,14.285714285714286,14.285714285714286,False,original,2019-09-23 2019-09-29,Karamo Brown Dancing with the Stars
28,3,Karamo Brown,14.285714285714286,14.285714285714286,False,original,2019-09-30 2019-10-06,Karamo Brown Dancing with the Stars
28,4,Karamo Brown,14.285714285714286,14.285714285714286,False,original,2019-10-07 2019-10-13,Karamo Brown Dancing with the Stars
28,5,Karamo Brown,14.285714285714286,14.285714285714286,False,original,2019-10-14 2019-10-20,Karamo Brown Dancing with the Stars
28,6,Karamo Brown,14.285714285714286,14.285714285714286,False,original,2019-10-21 2019-10-27,Karamo Brown Dancing with the Stars
28,7,Karamo Brown,14.285714285714286,14.285714285714286,False,original,2019-10-28 2019-11-03,Karamo Brown Dancing with the Stars
28,8,Karamo Brown,,14.285714285714286,True,interp,2019-11-04 2019-11-10,Karamo Brown Dancing with the Stars
28,9,Karamo Brown,,14.285714285714286,True,interp,2019-11-11 2019-11-17,Karamo Brown Dancing with the Stars
28,10,Karamo Brown,,14.285714285714286,True,interp,2019-11-18 2019-11-24,Karamo Brown Dancing with the Stars
28,11,Karamo Brown,,14.285714285714286,True,interp,2019-11-25 2019-12-01,Karamo Brown Dancing with the Stars
28,1,Kate Flannery,16.714285714285715,16.714285714285715,False,original,2019-09-16 2019-09-22,Kate Flannery Dancing with the Stars
28,2,Kate Flannery,14.285714285714286,14.285714285714286,False,original,2019-09-23 2019-09-29,Kate Flannery Dancing with the Stars
28,3,Kate Flannery,14.285714285714286,14.285714285714286,False,original,2019-09-30 2019-10-06,Kate Flannery Dancing with the Stars
28,4,Kate Flannery,14.285714285714286,14.285714285714286,False,original,2019-10-07 2019-10-13,Kate Flannery Dancing with the Stars
28,5,Kate Flannery,14.285714285714286,14.285714285714286,False,original,2019-10-14 2019-10-20,Kate Flannery Dancing with the Stars
28,6,Kate Flannery,14.285714285714286,14.285714285714286,False,original,2019-10-21 2019-10-27,Kate Flannery Dancing with the Stars
28,7,Kate Flannery,17.428571428571427,17.428571428571427,False,original,2019-10-28 2019-11-03,Kate Flannery Dancing with the Stars
28,8,Kate Flannery,15.714285714285714,15.714285714285714,False,original,2019-11-04 2019-11-10,Kate Flannery Dancing with the Stars
28,9,Kate Flannery,,15.714285714285714,True,interp,2019-11-11 2019-11-17,Kate Flannery Dancing with the Stars
28,10,Kate Flannery,,15.714285714285714,True,interp,2019-11-18 2019-11-24,Kate Flannery Dancing with the Stars
28,11,Kate Flannery,,15.714285714285714,True,interp,2019-11-25 2019-12-01,Kate Flannery Dancing with the Stars
28,1,Kel Mitchell,20.142857142857142,20.142857142857142,False,original,2019-09-16 2019-09-22,Kel Mitchell Dancing with the Stars
28,2,Kel Mitchell,14.285714285714286,14.285714285714286,False,original,2019-09-23 2019-09-29,Kel Mitchell Dancing with the Stars
28,3,Kel Mitchell,20.285714285714285,20.285714285714285,False,original,2019-09-30 2019-10-06,Kel Mitchell Dancing with the Stars
28,4,Kel Mitchell,17.142857142857142,17.142857142857142,False,original,2019-10-07 2019-10-13,Kel Mitchell Dancing with the Stars
28,5,Kel Mitchell,14.285714285714286,14.285714285714286,False,original,2019-10-14 2019-10-20,Kel Mitchell Dancing with the Stars
28,6,Kel Mitchell,14.285714285714286,14.285714285714286,False,original,2019-10-21 2019-10-27,Kel Mitchell Dancing with the Stars
28,7,Kel Mitchell,14.285714285714286,14.285714285714286,False,original,2019-10-28 2019-11-03,Kel Mitchell Dancing with the Stars
28,8,Kel Mitchell,14.285714285714286,14.285714285714286,False,original,2019-11-04 2019-11-10,Kel Mitchell Dancing with the Stars
28,9,Kel Mitchell,14.285714285714286,14.285714285714286,False,original,2019-11-11 2019-11-17,Kel Mitchell Dancing with the Stars
28,10,Kel Mitchell,16.285714285714285,16.285714285714285,False,original,2019-11-18 2019-11-24,Kel Mitchell Dancing with the Stars
28,11,Kel Mitchell,19.0,19.0,False,original,2019-11-25 2019-12-01,Kel Mitchell Dancing with the Stars
28,1,Lamar Odom,18.0,18.0,False,original,2019-09-16 2019-09-22,Lamar Odom Dancing with the Stars
28,2,Lamar Odom,16.571428571428573,16.571428571428573,False,original,2019-09-23 2019-09-29,Lamar Odom Dancing with the Stars
28,3,Lamar Odom,17.0,17.0,False,original,2019-09-30 2019-10-06,Lamar Odom Dancing with the Stars
28,4,Lamar Odom,18.285714285714285,18.285714285714285,False,original,2019-10-07 2019-10-13,Lamar Odom Dancing with the Stars
28,5,Lamar Odom,14.285714285714286,14.285714285714286,False,original,2019-10-14 2019-10-20,Lamar Odom Dancing with the Stars
28,6,Lamar Odom,14.285714285714286,14.285714285714286,False,original,2019-10-21 2019-10-27,Lamar Odom Dancing with the Stars
28,7,Lamar Odom,,15.857142857142858,True,interp,2019-10-28 2019-11-03,Lamar Odom Dancing with the Stars
28,8,Lamar Odom,,17.42857142857143,True,interp,2019-11-04 2019-11-10,Lamar Odom Dancing with the Stars
28,9,Lamar Odom,,19.0,True,interp,2019-11-11 2019-11-17,Lamar Odom Dancing with the Stars
28,10,Lamar Odom,,20.57142857142857,True,interp,2019-11-18 2019-11-24,Lamar Odom Dancing with the Stars
28,11,Lamar Odom,22.142857142857142,22.142857142857142,False,original,2019-11-25 2019-12-01,Lamar Odom Dancing with the Stars
28,1,Lauren Alaina,20.0,20.0,False,original,2019-09-16 2019-09-22,Lauren Alaina Dancing with the Stars
28,2,Lauren Alaina,20.0,20.0,False,original,2019-09-23 2019-09-29,Lauren Alaina Dancing with the Stars
28,3,Lauren Alaina,20.714285714285715,20.714285714285715,False,original,2019-09-30 2019-10-06,Lauren Alaina Dancing with the Stars
28,4,Lauren Alaina,14.285714285714286,14.285714285714286,False,original,2019-10-07 2019-10-13,Lauren Alaina Dancing with the Stars
28,5,Lauren Alaina,14.285714285714286,14.285714285714286,False,original,2019-10-14 2019-10-20,Lauren Alaina Dancing with the Stars
28,6,Lauren Alaina,23.285714285714285,23.285714285714285,False,original,2019-10-21 2019-10-27,Lauren Alaina Dancing with the Stars
28,7,Lauren Alaina,18.428571428571427,18.428571428571427,False,original,2019-10-28 2019-11-03,Lauren Alaina Dancing with the Stars
28,8,Lauren Alaina,20.857142857142858,20.857142857142858,False,original,2019-11-04 2019-11-10,Lauren Alaina Dancing with the Stars
28,9,Lauren Alaina,14.285714285714286,14.285714285714286,False,original,2019-11-11 2019-11-17,Lauren Alaina Dancing with the Stars
28,10,Lauren Alaina,16.142857142857142,16.142857142857142,False,original,2019-11-18 2019-11-24,Lauren Alaina Dancing with the Stars
28,11,Lauren Alaina,18.571428571428573,18.571428571428573,False,original,2019-11-25 2019-12-01,Lauren Alaina Dancing with the Stars
28,1,Mary Wilson,16.285714285714285,16.285714285714285,False,original,2019-09-16 2019-09-22,Mary Wilson Dancing with the Stars
28,2,Mary Wilson,16.0,16.0,False,original,2019-09-23 2019-09-29,Mary Wilson Dancing with the Stars
28,3,Mary Wilson,14.285714285714286,14.285714285714286,False,original,2019-09-30 2019-10-06,Mary Wilson Dancing with the Stars
28,4,Mary Wilson,,14.285714285714286,True,interp,2019-10-07 2019-10-13,Mary Wilson Dancing with the Stars
28,5,Mary Wilson,,14.285714285714286,True,interp,2019-10-14 2019-10-20,Mary Wilson Dancing with the Stars
28,6,Mary Wilson,,14.285714285714286,True,interp,2019-10-21 2019-10-27,Mary Wilson Dancing with the Stars
28,7,Mary Wilson,,14.285714285714286,True,interp,2019-10-28 2019-11-03,Mary Wilson Dancing with the Stars
28,8,Mary Wilson,,14.285714285714286,True,interp,2019-11-04 2019-11-10,Mary Wilson Dancing with the Stars
28,9,Mary Wilson,,14.285714285714286,True,interp,2019-11-11 2019-11-17,Mary Wilson Dancing with the Stars
28,10,Mary Wilson,,14.285714285714286,True,interp,2019-11-18 2019-11-24,Mary Wilson Dancing with the Stars
28,11,Mary Wilson,,14.285714285714286,True,interp,2019-11-25 2019-12-01,Mary Wilson Dancing with the Stars
28,1,Ray Lewis,23.0,23.0,False,original,2019-09-16 2019-09-22,Ray Lewis Dancing with the Stars
28,2,Ray Lewis,17.285714285714285,17.285714285714285,False,original,2019-09-23 2019-09-29,Ray Lewis Dancing with the Stars
28,3,Ray Lewis,16.285714285714285,16.285714285714285,False,original,2019-09-30 2019-10-06,Ray Lewis Dancing with the Stars
28,4,Ray Lewis,14.285714285714286,14.285714285714286,False,original,2019-10-07 2019-10-13,Ray Lewis Dancing with the Stars
28,5,Ray Lewis,,14.285714285714286,True,interp,2019-10-14 2019-10-20,Ray Lewis Dancing with the Stars
28,6,Ray Lewis,,14.285714285714286,True,interp,2019-10-21 2019-10-27,Ray Lewis Dancing with the Stars
28,7,Ray Lewis,,14.285714285714286,True,interp,2019-10-28 2019-11-03,Ray Lewis Dancing with the Stars
28,8,Ray Lewis,,14.285714285714286,True,interp,2019-11-04 2019-11-10,Ray Lewis Dancing with the Stars
28,9,Ray Lewis,,14.285714285714286,True,interp,2019-11-11 2019-11-17,Ray Lewis Dancing with the Stars
28,10,Ray Lewis,,14.285714285714286,True,interp,2019-11-18 2019-11-24,Ray Lewis Dancing with the Stars
28,11,Ray Lewis,14.285714285714286,14.285714285714286,False,original,2019-11-25 2019-12-01,Ray Lewis Dancing with the Stars
28,1,Sailor Brinkley-Cook,14.285714285714286,14.285714285714286,False,original,2019-09-16 2019-09-22,Sailor Brinkley-Cook Dancing with the Stars
28,2,Sailor Brinkley-Cook,,14.285714285714286,True,interp,2019-09-23 2019-09-29,Sailor Brinkley-Cook Dancing with the Stars
28,3,Sailor Brinkley-Cook,,14.285714285714286,True,interp,2019-09-30 2019-10-06,Sailor Brinkley-Cook Dancing with the Stars
28,4,Sailor Brinkley-Cook,,14.285714285714286,True,interp,2019-10-07 2019-10-13,Sailor Brinkley-Cook Dancing with the Stars
28,5,Sailor Brinkley-Cook,,14.285714285714286,True,interp,2019-10-14 2019-10-20,Sailor Brinkley-Cook Dancing with the Stars
28,6,Sailor Brinkley-Cook,14.285714285714286,14.285714285714286,False,original,2019-10-21 2019-10-27,Sailor Brinkley-Cook Dancing with the Stars
28,7,Sailor Brinkley-Cook,,14.285714285714286,True,interp,2019-10-28 2019-11-03,Sailor Brinkley-Cook Dancing with the Stars
28,8,Sailor Brinkley-Cook,,14.285714285714286,True,interp,2019-11-04 2019-11-10,Sailor Brinkley-Cook Dancing with the Stars
28,9,Sailor Brinkley-Cook,,14.285714285714286,True,interp,2019-11-11 2019-11-17,Sailor Brinkley-Cook Dancing with the Stars
28,10,Sailor Brinkley-Cook,,14.285714285714286,True,interp,2019-11-18 2019-11-24,Sailor Brinkley-Cook Dancing with the Stars
28,11,Sailor Brinkley-Cook,,14.285714285714286,True,interp,2019-11-25 2019-12-01,Sailor Brinkley-Cook Dancing with the Stars
28,1,Sean Spicer,24.714285714285715,24.714285714285715,False,original,2019-09-16 2019-09-22,Sean Spicer Dancing with the Stars
28,2,Sean Spicer,28.714285714285715,28.714285714285715,False,original,2019-09-23 2019-09-29,Sean Spicer Dancing with the Stars
28,3,Sean Spicer,28.571428571428573,28.571428571428573,False,original,2019-09-30 2019-10-06,Sean Spicer Dancing with the Stars
28,4,Sean Spicer,26.857142857142858,26.857142857142858,False,original,2019-10-07 2019-10-13,Sean Spicer Dancing with the Stars
28,5,Sean Spicer,26.0,26.0,False,original,2019-10-14 2019-10-20,Sean Spicer Dancing with the Stars
28,6,Sean Spicer,24.571428571428573,24.571428571428573,False,original,2019-10-21 2019-10-27,Sean Spicer Dancing with the Stars
28,7,Sean Spicer,27.714285714285715,27.714285714285715,False,original,2019-10-28 2019-11-03,Sean Spicer Dancing with the Stars
28,8,Sean Spicer,25.142857142857142,25.142857142857142,False,original,2019-11-04 2019-11-10,Sean Spicer Dancing with the Stars
28,9,Sean Spicer,20.571428571428573,20.571428571428573,False,original,2019-11-11 2019-11-17,Sean Spicer Dancing with the Stars
28,10,Sean Spicer,25.285714285714285,25.285714285714285,False,original,2019-11-18 2019-11-24,Sean Spicer Dancing with the Stars
28,11,Sean Spicer,14.285714285714286,14.285714285714286,False,original,2019-11-25 2019-12-01,Sean Spicer Dancing with the Stars
