season,week,celebrity,trend,timeframe,kw
1,1,Evander Holyfield,,2005-06-01 2005-06-07,Evander Holyfield Dancing with the Stars
1,1,Joey McIntyre,,2005-06-01 2005-06-07,Joey McIntyre Dancing with the Stars
1,1,John O'Hurley,,2005-06-01 2005-06-07,John O'Hurley Dancing with the Stars
1,1,Kelly Monaco,,2005-06-01 2005-06-07,Kelly Monaco Dancing with the Stars
1,1,Rachel Hunter,,2005-06-01 2005-06-07,Rachel Hunter Dancing with the Stars
1,1,Trista Sutter,,2005-06-01 2005-06-07,Trista Sutter Dancing with the Stars
1,2,Evander Holyfield,,2005-06-08 2005-06-14,Evander Holyfield Dancing with the Stars
1,2,Joey McIntyre,,2005-06-08 2005-06-14,Joey McIntyre Dancing with the Stars
1,2,John O'Hurley,,2005-06-08 2005-06-14,John O'Hurley Dancing with the Stars
1,2,Kelly Monaco,14.285714285714286,2005-06-08 2005-06-14,Kelly Monaco Dancing with the Stars
1,2,Rachel Hunter,,2005-06-08 2005-06-14,Rachel Hunter Dancing with the Stars
1,2,Trista Sutter,,2005-06-08 2005-06-14,Trista Sutter Dancing with the Stars
1,3,Evander Holyfield,,2005-06-15 2005-06-21,Evander Holyfield Dancing with the Stars
1,3,Joey McIntyre,,2005-06-15 2005-06-21,Joey McIntyre Dancing with the Stars
1,3,John O'Hurley,,2005-06-15 2005-06-21,John O'Hurley Dancing with the Stars
1,3,Kelly Monaco,,2005-06-15 2005-06-21,Kelly Monaco Dancing with the Stars
1,3,Rachel Hunter,,2005-06-15 2005-06-21,Rachel Hunter Dancing with the Stars
1,3,Trista Sutter,,2005-06-15 2005-06-21,Trista Sutter Dancing with the Stars
1,4,Evander Holyfield,,2005-06-22 2005-06-28,Evander Holyfield Dancing with the Stars
1,4,Joey McIntyre,,2005-06-22 2005-06-28,Joey McIntyre Dancing with the Stars
1,4,John O'Hurley,,2005-06-22 2005-06-28,John O'Hurley Dancing with the Stars
1,4,Kelly Monaco,26.857142857142858,2005-06-22 2005-06-28,Kelly Monaco Dancing with the Stars
1,4,Rachel Hunter,,2005-06-22 2005-06-28,Rachel Hunter Dancing with the Stars
1,4,Trista Sutter,,2005-06-22 2005-06-28,Trista Sutter Dancing with the Stars
1,5,Evander Holyfield,,2005-06-29 2005-07-05,Evander Holyfield Dancing with the Stars
1,5,Joey McIntyre,,2005-06-29 2005-07-05,Joey McIntyre Dancing with the Stars
1,5,John O'Hurley,,2005-06-29 2005-07-05,John O'Hurley Dancing with the Stars
1,5,Kelly Monaco,14.285714285714286,2005-06-29 2005-07-05,Kelly Monaco Dancing with the Stars
1,5,Rachel Hunter,,2005-06-29 2005-07-05,Rachel Hunter Dancing with the Stars
1,5,Trista Sutter,,2005-06-29 2005-07-05,Trista Sutter Dancing with the Stars
1,6,Evander Holyfield,,2005-07-06 2005-07-12,Evander Holyfield Dancing with the Stars
1,6,Joey McIntyre,,2005-07-06 2005-07-12,Joey McIntyre Dancing with the Stars
1,6,John O'Hurley,,2005-07-06 2005-07-12,John O'Hurley Dancing with the Stars
1,6,Kelly Monaco,26.428571428571427,2005-07-06 2005-07-12,Kelly Monaco Dancing with the Stars
1,6,Rachel Hunter,,2005-07-06 2005-07-12,Rachel Hunter Dancing with the Stars
1,6,Trista Sutter,,2005-07-06 2005-07-12,Trista Sutter Dancing with the Stars
2,1,Drew Lachey,,2006-01-05 2006-01-11,Drew Lachey Dancing with the Stars
2,1,George Hamilton,,2006-01-05 2006-01-11,George Hamilton Dancing with the Stars
2,1,Giselle Fernandez,,2006-01-05 2006-01-11,Giselle Fernandez Dancing with the Stars
2,1,Jerry Rice,,2006-01-05 2006-01-11,Jerry Rice Dancing with the Stars
2,1,Kenny Mayne,,2006-01-05 2006-01-11,Kenny Mayne Dancing with the Stars
2,1,Lisa Rinna,,2006-01-05 2006-01-11,Lisa Rinna Dancing with the Stars
2,1,Master P,,2006-01-05 2006-01-11,Master P Dancing with the Stars
2,1,Stacy Keibler,21.571428571428573,2006-01-05 2006-01-11,Stacy Keibler Dancing with the Stars
2,1,Tatum O'Neal,,2006-01-05 2006-01-11,Tatum O'Neal Dancing with the Stars
2,1,Tia Carrere,,2006-01-05 2006-01-11,Tia Carrere Dancing with the Stars
2,2,Drew Lachey,,2006-01-12 2006-01-18,Drew Lachey Dancing with the Stars
2,2,George Hamilton,,2006-01-12 2006-01-18,George Hamilton Dancing with the Stars
2,2,Giselle Fernandez,14.285714285714286,2006-01-12 2006-01-18,Giselle Fernandez Dancing with the Stars
2,2,Jerry Rice,,2006-01-12 2006-01-18,Jerry Rice Dancing with the Stars
2,2,Kenny Mayne,,2006-01-12 2006-01-18,Kenny Mayne Dancing with the Stars
2,2,Lisa Rinna,14.285714285714286,2006-01-12 2006-01-18,Lisa Rinna Dancing with the Stars
2,2,Master P,14.285714285714286,2006-01-12 2006-01-18,Master P Dancing with the Stars
2,2,Stacy Keibler,34.0,2006-01-12 2006-01-18,Stacy Keibler Dancing with the Stars
2,2,Tatum O'Neal,,2006-01-12 2006-01-18,Tatum O'Neal Dancing with the Stars
2,2,Tia Carrere,,2006-01-12 2006-01-18,Tia Carrere Dancing with the Stars
2,3,Drew Lachey,,2006-01-19 2006-01-25,Drew Lachey Dancing with the Stars
2,3,George Hamilton,,2006-01-19 2006-01-25,George Hamilton Dancing with the Stars
2,3,Giselle Fernandez,14.285714285714286,2006-01-19 2006-01-25,Giselle Fernandez Dancing with the Stars
2,3,Jerry Rice,,2006-01-19 2006-01-25,Jerry Rice Dancing with the Stars
2,3,Kenny Mayne,,2006-01-19 2006-01-25,Kenny Mayne Dancing with the Stars
2,3,Lisa Rinna,24.428571428571427,2006-01-19 2006-01-25,Lisa Rinna Dancing with the Stars
2,3,Master P,,2006-01-19 2006-01-25,Master P Dancing with the Stars
2,3,Stacy Keibler,31.714285714285715,2006-01-19 2006-01-25,Stacy Keibler Dancing with the Stars
2,3,Tatum O'Neal,,2006-01-19 2006-01-25,Tatum O'Neal Dancing with the Stars
2,3,Tia Carrere,,2006-01-19 2006-01-25,Tia Carrere Dancing with the Stars
2,4,Drew Lachey,,2006-01-26 2006-02-01,Drew Lachey Dancing with the Stars
2,4,George Hamilton,,2006-01-26 2006-02-01,George Hamilton Dancing with the Stars
2,4,Giselle Fernandez,,2006-01-26 2006-02-01,Giselle Fernandez Dancing with the Stars
2,4,Jerry Rice,,2006-01-26 2006-02-01,Jerry Rice Dancing with the Stars
2,4,Kenny Mayne,,2006-01-26 2006-02-01,Kenny Mayne Dancing with the Stars
2,4,Lisa Rinna,14.285714285714286,2006-01-26 2006-02-01,Lisa Rinna Dancing with the Stars
2,4,Master P,14.285714285714286,2006-01-26 2006-02-01,Master P Dancing with the Stars
2,4,Stacy Keibler,25.0,2006-01-26 2006-02-01,Stacy Keibler Dancing with the Stars
2,4,Tatum O'Neal,,2006-01-26 2006-02-01,Tatum O'Neal Dancing with the Stars
2,4,Tia Carrere,,2006-01-26 2006-02-01,Tia Carrere Dancing with the Stars
2,5,Drew Lachey,14.285714285714286,2006-02-02 2006-02-08,Drew Lachey Dancing with the Stars
2,5,George Hamilton,,2006-02-02 2006-02-08,George Hamilton Dancing with the Stars
2,5,Giselle Fernandez,,2006-02-02 2006-02-08,Giselle Fernandez Dancing with the Stars
2,5,Jerry Rice,,2006-02-02 2006-02-08,Jerry Rice Dancing with the Stars
2,5,Kenny Mayne,,2006-02-02 2006-02-08,Kenny Mayne Dancing with the Stars
2,5,Lisa Rinna,,2006-02-02 2006-02-08,Lisa Rinna Dancing with the Stars
2,5,Master P,,2006-02-02 2006-02-08,Master P Dancing with the Stars
2,5,Stacy Keibler,36.285714285714285,2006-02-02 2006-02-08,Stacy Keibler Dancing with the Stars
2,5,Tatum O'Neal,,2006-02-02 2006-02-08,Tatum O'Neal Dancing with the Stars
2,5,Tia Carrere,,2006-02-02 2006-02-08,Tia Carrere Dancing with the Stars
2,6,Drew Lachey,,2006-02-09 2006-02-15,Drew Lachey Dancing with the Stars
2,6,George Hamilton,14.285714285714286,2006-02-09 2006-02-15,George Hamilton Dancing with the Stars
2,6,Giselle Fernandez,,2006-02-09 2006-02-15,Giselle Fernandez Dancing with the Stars
2,6,Jerry Rice,,2006-02-09 2006-02-15,Jerry Rice Dancing with the Stars
2,6,Kenny Mayne,,2006-02-09 2006-02-15,Kenny Mayne Dancing with the Stars
2,6,Lisa Rinna,27.857142857142858,2006-02-09 2006-02-15,Lisa Rinna Dancing with the Stars
2,6,Master P,,2006-02-09 2006-02-15,Master P Dancing with the Stars
2,6,Stacy Keibler,36.142857142857146,2006-02-09 2006-02-15,Stacy Keibler Dancing with the Stars
2,6,Tatum O'Neal,,2006-02-09 2006-02-15,Tatum O'Neal Dancing with the Stars
2,6,Tia Carrere,,2006-02-09 2006-02-15,Tia Carrere Dancing with the Stars
2,7,Drew Lachey,,2006-02-16 2006-02-22,Drew Lachey Dancing with the Stars
2,7,George Hamilton,,2006-02-16 2006-02-22,George Hamilton Dancing with the Stars
2,7,Giselle Fernandez,,2006-02-16 2006-02-22,Giselle Fernandez Dancing with the Stars
2,7,Jerry Rice,,2006-02-16 2006-02-22,Jerry Rice Dancing with the Stars
2,7,Kenny Mayne,,2006-02-16 2006-02-22,Kenny Mayne Dancing with the Stars
2,7,Lisa Rinna,28.142857142857142,2006-02-16 2006-02-22,Lisa Rinna Dancing with the Stars
2,7,Master P,,2006-02-16 2006-02-22,Master P Dancing with the Stars
2,7,Stacy Keibler,35.0,2006-02-16 2006-02-22,Stacy Keibler Dancing with the Stars
2,7,Tatum O'Neal,,2006-02-16 2006-02-22,Tatum O'Neal Dancing with the Stars
2,7,Tia Carrere,,2006-02-16 2006-02-22,Tia Carrere Dancing with the Stars
2,8,Drew Lachey,29.714285714285715,2006-02-23 2006-03-01,Drew Lachey Dancing with the Stars
2,8,George Hamilton,,2006-02-23 2006-03-01,George Hamilton Dancing with the Stars
2,8,Giselle Fernandez,,2006-02-23 2006-03-01,Giselle Fernandez Dancing with the Stars
2,8,Jerry Rice,14.285714285714286,2006-02-23 2006-03-01,Jerry Rice Dancing with the Stars
2,8,Kenny Mayne,,2006-02-23 2006-03-01,Kenny Mayne Dancing with the Stars
2,8,Lisa Rinna,29.857142857142858,2006-02-23 2006-03-01,Lisa Rinna Dancing with the Stars
2,8,Master P,14.285714285714286,2006-02-23 2006-03-01,Master P Dancing with the Stars
2,8,Stacy Keibler,35.0,2006-02-23 2006-03-01,Stacy Keibler Dancing with the Stars
2,8,Tatum O'Neal,,2006-02-23 2006-03-01,Tatum O'Neal Dancing with the Stars
2,8,Tia Carrere,,2006-02-23 2006-03-01,Tia Carrere Dancing with the Stars
3,1,Emmitt Smith,14.285714285714286,2006-09-12 2006-09-18,Emmitt Smith Dancing with the Stars
3,1,Harry Hamlin,14.285714285714286,2006-09-12 2006-09-18,Harry Hamlin Dancing with the Stars
3,1,Jerry Springer,14.285714285714286,2006-09-12 2006-09-18,Jerry Springer Dancing with the Stars
3,1,Joey Lawrence,20.0,2006-09-12 2006-09-18,Joey Lawrence Dancing with the Stars
3,1,Mario Lopez,21.285714285714285,2006-09-12 2006-09-18,Mario Lopez Dancing with the Stars
3,1,Monique Coleman,,2006-09-12 2006-09-18,Monique Coleman Dancing with the Stars
3,1,Sara Evans,,2006-09-12 2006-09-18,Sara Evans Dancing with the Stars
3,1,Shanna Moakler,14.285714285714286,2006-09-12 2006-09-18,Shanna Moakler Dancing with the Stars
3,1,Tucker Carlson,26.571428571428573,2006-09-12 2006-09-18,Tucker Carlson Dancing with the Stars
3,1,Vivica A. Fox,,2006-09-12 2006-09-18,Vivica A. Fox Dancing with the Stars
3,1,Willa Ford,23.857142857142858,2006-09-12 2006-09-18,Willa Ford Dancing with the Stars
3,2,Emmitt Smith,,2006-09-19 2006-09-25,Emmitt Smith Dancing with the Stars
3,2,Harry Hamlin,,2006-09-19 2006-09-25,Harry Hamlin Dancing with the Stars
3,2,Jerry Springer,,2006-09-19 2006-09-25,Jerry Springer Dancing with the Stars
3,2,Joey Lawrence,20.142857142857142,2006-09-19 2006-09-25,Joey Lawrence Dancing with the Stars
3,2,Mario Lopez,24.285714285714285,2006-09-19 2006-09-25,Mario Lopez Dancing with the Stars
3,2,Monique Coleman,,2006-09-19 2006-09-25,Monique Coleman Dancing with the Stars
3,2,Sara Evans,14.285714285714286,2006-09-19 2006-09-25,Sara Evans Dancing with the Stars
3,2,Shanna Moakler,26.571428571428573,2006-09-19 2006-09-25,Shanna Moakler Dancing with the Stars
3,2,Tucker Carlson,,2006-09-19 2006-09-25,Tucker Carlson Dancing with the Stars
3,2,Vivica A. Fox,,2006-09-19 2006-09-25,Vivica A. Fox Dancing with the Stars
3,2,Willa Ford,24.285714285714285,2006-09-19 2006-09-25,Willa Ford Dancing with the Stars
3,3,Emmitt Smith,,2006-09-26 2006-10-02,Emmitt Smith Dancing with the Stars
3,3,Harry Hamlin,,2006-09-26 2006-10-02,Harry Hamlin Dancing with the Stars
3,3,Jerry Springer,,2006-09-26 2006-10-02,Jerry Springer Dancing with the Stars
3,3,Joey Lawrence,14.285714285714286,2006-09-26 2006-10-02,Joey Lawrence Dancing with the Stars
3,3,Mario Lopez,20.0,2006-09-26 2006-10-02,Mario Lopez Dancing with the Stars
3,3,Monique Coleman,28.142857142857142,2006-09-26 2006-10-02,Monique Coleman Dancing with the Stars
3,3,Sara Evans,24.0,2006-09-26 2006-10-02,Sara Evans Dancing with the Stars
3,3,Shanna Moakler,,2006-09-26 2006-10-02,Shanna Moakler Dancing with the Stars
3,3,Tucker Carlson,,2006-09-26 2006-10-02,Tucker Carlson Dancing with the Stars
3,3,Vivica A. Fox,,2006-09-26 2006-10-02,Vivica A. Fox Dancing with the Stars
3,3,Willa Ford,22.857142857142858,2006-09-26 2006-10-02,Willa Ford Dancing with the Stars
3,4,Emmitt Smith,,2006-10-03 2006-10-09,Emmitt Smith Dancing with the Stars
3,4,Harry Hamlin,,2006-10-03 2006-10-09,Harry Hamlin Dancing with the Stars
3,4,Jerry Springer,14.285714285714286,2006-10-03 2006-10-09,Jerry Springer Dancing with the Stars
3,4,Joey Lawrence,14.285714285714286,2006-10-03 2006-10-09,Joey Lawrence Dancing with the Stars
3,4,Mario Lopez,28.142857142857142,2006-10-03 2006-10-09,Mario Lopez Dancing with the Stars
3,4,Monique Coleman,,2006-10-03 2006-10-09,Monique Coleman Dancing with the Stars
3,4,Sara Evans,28.428571428571427,2006-10-03 2006-10-09,Sara Evans Dancing with the Stars
3,4,Shanna Moakler,14.285714285714286,2006-10-03 2006-10-09,Shanna Moakler Dancing with the Stars
3,4,Tucker Carlson,,2006-10-03 2006-10-09,Tucker Carlson Dancing with the Stars
3,4,Vivica A. Fox,,2006-10-03 2006-10-09,Vivica A. Fox Dancing with the Stars
3,4,Willa Ford,28.571428571428573,2006-10-03 2006-10-09,Willa Ford Dancing with the Stars
3,5,Emmitt Smith,,2006-10-10 2006-10-16,Emmitt Smith Dancing with the Stars
3,5,Harry Hamlin,,2006-10-10 2006-10-16,Harry Hamlin Dancing with the Stars
3,5,Jerry Springer,14.285714285714286,2006-10-10 2006-10-16,Jerry Springer Dancing with the Stars
3,5,Joey Lawrence,14.285714285714286,2006-10-10 2006-10-16,Joey Lawrence Dancing with the Stars
3,5,Mario Lopez,24.142857142857142,2006-10-10 2006-10-16,Mario Lopez Dancing with the Stars
3,5,Monique Coleman,,2006-10-10 2006-10-16,Monique Coleman Dancing with the Stars
3,5,Sara Evans,24.857142857142858,2006-10-10 2006-10-16,Sara Evans Dancing with the Stars
3,5,Shanna Moakler,,2006-10-10 2006-10-16,Shanna Moakler Dancing with the Stars
3,5,Tucker Carlson,,2006-10-10 2006-10-16,Tucker Carlson Dancing with the Stars
3,5,Vivica A. Fox,,2006-10-10 2006-10-16,Vivica A. Fox Dancing with the Stars
3,5,Willa Ford,50.0,2006-10-10 2006-10-16,Willa Ford Dancing with the Stars
3,6,Emmitt Smith,,2006-10-17 2006-10-23,Emmitt Smith Dancing with the Stars
3,6,Harry Hamlin,,2006-10-17 2006-10-23,Harry Hamlin Dancing with the Stars
3,6,Jerry Springer,,2006-10-17 2006-10-23,Jerry Springer Dancing with the Stars
3,6,Joey Lawrence,,2006-10-17 2006-10-23,Joey Lawrence Dancing with the Stars
3,6,Mario Lopez,,2006-10-17 2006-10-23,Mario Lopez Dancing with the Stars
3,6,Monique Coleman,,2006-10-17 2006-10-23,Monique Coleman Dancing with the Stars
3,6,Sara Evans,,2006-10-17 2006-10-23,Sara Evans Dancing with the Stars
3,6,Shanna Moakler,,2006-10-17 2006-10-23,Shanna Moakler Dancing with the Stars
3,6,Tucker Carlson,,2006-10-17 2006-10-23,Tucker Carlson Dancing with the Stars
3,6,Vivica A. Fox,,2006-10-17 2006-10-23,Vivica A. Fox Dancing with the Stars
3,6,Willa Ford,,2006-10-17 2006-10-23,Willa Ford Dancing with the Stars
3,7,Emmitt Smith,,2006-10-24 2006-10-30,Emmitt Smith Dancing with the Stars
3,7,Harry Hamlin,,2006-10-24 2006-10-30,Harry Hamlin Dancing with the Stars
3,7,Jerry Springer,,2006-10-24 2006-10-30,Jerry Springer Dancing with the Stars
3,7,Joey Lawrence,,2006-10-24 2006-10-30,Joey Lawrence Dancing with the Stars
3,7,Mario Lopez,,2006-10-24 2006-10-30,Mario Lopez Dancing with the Stars
3,7,Monique Coleman,,2006-10-24 2006-10-30,Monique Coleman Dancing with the Stars
3,7,Sara Evans,,2006-10-24 2006-10-30,Sara Evans Dancing with the Stars
3,7,Shanna Moakler,,2006-10-24 2006-10-30,Shanna Moakler Dancing with the Stars
3,7,Tucker Carlson,,2006-10-24 2006-10-30,Tucker Carlson Dancing with the Stars
3,7,Vivica A. Fox,,2006-10-24 2006-10-30,Vivica A. Fox Dancing with the Stars
3,7,Willa Ford,,2006-10-24 2006-10-30,Willa Ford Dancing with the Stars
3,8,Emmitt Smith,,2006-10-31 2006-11-06,Emmitt Smith Dancing with the Stars
3,8,Harry Hamlin,,2006-10-31 2006-11-06,Harry Hamlin Dancing with the Stars
3,8,Jerry Springer,0.0,2006-10-31 2006-11-06,Jerry Springer Dancing with the Stars
3,8,Joey Lawrence,,2006-10-31 2006-11-06,Joey Lawrence Dancing with the Stars
3,8,Mario Lopez,,2006-10-31 2006-11-06,Mario Lopez Dancing with the Stars
3,8,Monique Coleman,,2006-10-31 2006-11-06,Monique Coleman Dancing with the Stars
3,8,Sara Evans,,2006-10-31 2006-11-06,Sara Evans Dancing with the Stars
3,8,Shanna Moakler,,2006-10-31 2006-11-06,Shanna Moakler Dancing with the Stars
3,8,Tucker Carlson,,2006-10-31 2006-11-06,Tucker Carlson Dancing with the Stars
3,8,Vivica A. Fox,,2006-10-31 2006-11-06,Vivica A. Fox Dancing with the Stars
27,1,Alexis Ren,32.714285714285715,2018-09-24 2018-09-30,Alexis Ren Dancing with the Stars
27,1,Bobby Bones,24.142857142857142,2018-09-24 2018-09-30,Bobby Bones Dancing with the Stars
27,1,Danelle Umstead,29.428571428571427,2018-09-24 2018-09-30,Danelle Umstead Dancing with the Stars
27,1,DeMarcus Ware,26.142857142857142,2018-09-24 2018-09-30,DeMarcus Ware Dancing with the Stars
27,1,Evanna Lynch,20.142857142857142,2018-09-24 2018-09-30,Evanna Lynch Dancing with the Stars
27,1,Joe Amabile,23.0,2018-09-24 2018-09-30,Joe Amabile Dancing with the Stars
27,1,John Schneider,24.285714285714285,2018-09-24 2018-09-30,John Schneider Dancing with the Stars
27,1,Juan Pablo Di Pace,17.0,2018-09-24 2018-09-30,Juan Pablo Di Pace Dancing with the Stars
27,1,Mary Lou Retton,26.571428571428573,2018-09-24 2018-09-30,Mary Lou Retton Dancing with the Stars
27,1,Milo Manheim,25.571428571428573,2018-09-24 2018-09-30,Milo Manheim Dancing with the Stars
27,1,Nancy McKeon,30.857142857142858,2018-09-24 2018-09-30,Nancy McKeon Dancing with the Stars
27,1,Nikki Glaser,23.428571428571427,2018-09-24 2018-09-30,Nikki Glaser Dancing with the Stars
27,1,Tinashe,23.571428571428573,2018-09-24 2018-09-30,Tinashe Dancing with the Stars
27,2,Alexis Ren,34.0,2018-10-01 2018-10-07,Alexis Ren Dancing with the Stars
27,2,Bobby Bones,28.714285714285715,2018-10-01 2018-10-07,Bobby Bones Dancing with the Stars
27,2,Danelle Umstead,29.428571428571427,2018-10-01 2018-10-07,Danelle Umstead Dancing with the Stars
27,2,DeMarcus Ware,30.285714285714285,2018-10-01 2018-10-07,DeMarcus Ware Dancing with the Stars
27,2,Evanna Lynch,28.0,2018-10-01 2018-10-07,Evanna Lynch Dancing with the Stars
27,2,Joe Amabile,25.142857142857142,2018-10-01 2018-10-07,Joe Amabile Dancing with the Stars
27,2,John Schneider,23.428571428571427,2018-10-01 2018-10-07,John Schneider Dancing with the Stars
27,2,Juan Pablo Di Pace,26.0,2018-10-01 2018-10-07,Juan Pablo Di Pace Dancing with the Stars
27,2,Mary Lou Retton,26.428571428571427,2018-10-01 2018-10-07,Mary Lou Retton Dancing with the Stars
27,2,Milo Manheim,31.142857142857142,2018-10-01 2018-10-07,Milo Manheim Dancing with the Stars
27,2,Nancy McKeon,23.714285714285715,2018-10-01 2018-10-07,Nancy McKeon Dancing with the Stars
27,2,Nikki Glaser,14.285714285714286,2018-10-01 2018-10-07,Nikki Glaser Dancing with the Stars
27,2,Tinashe,24.714285714285715,2018-10-01 2018-10-07,Tinashe Dancing with the Stars
27,3,Alexis Ren,17.714285714285715,2018-10-08 2018-10-14,Alexis Ren Dancing with the Stars
27,3,Bobby Bones,21.428571428571427,2018-10-08 2018-10-14,Bobby Bones Dancing with the Stars
27,3,Danelle Umstead,,2018-10-08 2018-10-14,Danelle Umstead Dancing with the Stars
27,3,DeMarcus Ware,14.285714285714286,2018-10-08 2018-10-14,DeMarcus Ware Dancing with the Stars
27,3,Evanna Lynch,19.428571428571427,2018-10-08 2018-10-14,Evanna Lynch Dancing with the Stars
27,3,Joe Amabile,14.285714285714286,2018-10-08 2018-10-14,Joe Amabile Dancing with the Stars
27,3,John Schneider,14.285714285714286,2018-10-08 2018-10-14,John Schneider Dancing with the Stars
27,3,Juan Pablo Di Pace,14.285714285714286,2018-10-08 2018-10-14,Juan Pablo Di Pace Dancing with the Stars
27,3,Mary Lou Retton,16.285714285714285,2018-10-08 2018-10-14,Mary Lou Retton Dancing with the Stars
27,3,Milo Manheim,20.428571428571427,2018-10-08 2018-10-14,Milo Manheim Dancing with the Stars
27,3,Nancy McKeon,16.857142857142858,2018-10-08 2018-10-14,Nancy McKeon Dancing with the Stars
27,3,Nikki Glaser,,2018-10-08 2018-10-14,Nikki Glaser Dancing with the Stars
27,3,Tinashe,16.857142857142858,2018-10-08 2018-10-14,Tinashe Dancing with the Stars
27,4,Alexis Ren,17.857142857142858,2018-10-15 2018-10-21,Alexis Ren Dancing with the Stars
27,4,Bobby Bones,22.857142857142858,2018-10-15 2018-10-21,Bobby Bones Dancing with the Stars
27,4,Danelle Umstead,,2018-10-15 2018-10-21,Danelle Umstead Dancing with the Stars
27,4,DeMarcus Ware,14.285714285714286,2018-10-15 2018-10-21,DeMarcus Ware Dancing with the Stars
27,4,Evanna Lynch,14.285714285714286,2018-10-15 2018-10-21,Evanna Lynch Dancing with the Stars
27,4,Joe Amabile,14.285714285714286,2018-10-15 2018-10-21,Joe Amabile Dancing with the Stars
27,4,John Schneider,14.285714285714286,2018-10-15 2018-10-21,John Schneider Dancing with the Stars
27,4,Juan Pablo Di Pace,14.285714285714286,2018-10-15 2018-10-21,Juan Pablo Di Pace Dancing with the Stars
27,4,Mary Lou Retton,14.285714285714286,2018-10-15 2018-10-21,Mary Lou Retton Dancing with the Stars
27,4,Milo Manheim,20.285714285714285,2018-10-15 2018-10-21,Milo Manheim Dancing with the Stars
27,4,Nancy McKeon,14.285714285714286,2018-10-15 2018-10-21,Nancy McKeon Dancing with the Stars
27,4,Nikki Glaser,,2018-10-15 2018-10-21,Nikki Glaser Dancing with the Stars
27,4,Tinashe,16.714285714285715,2018-10-15 2018-10-21,Tinashe Dancing with the Stars
27,5,Alexis Ren,17.285714285714285,2018-10-22 2018-10-28,Alexis Ren Dancing with the Stars
27,5,Bobby Bones,22.428571428571427,2018-10-22 2018-10-28,Bobby Bones Dancing with the Stars
27,5,Danelle Umstead,,2018-10-22 2018-10-28,Danelle Umstead Dancing with the Stars
27,5,DeMarcus Ware,14.285714285714286,2018-10-22 2018-10-28,DeMarcus Ware Dancing with the Stars
27,5,Evanna Lynch,14.285714285714286,2018-10-22 2018-10-28,Evanna Lynch Dancing with the Stars
27,5,Joe Amabile,14.285714285714286,2018-10-22 2018-10-28,Joe Amabile Dancing with the Stars
27,5,John Schneider,18.714285714285715,2018-10-22 2018-10-28,John Schneider Dancing with the Stars
27,5,Juan Pablo Di Pace,14.285714285714286,2018-10-22 2018-10-28,Juan Pablo Di Pace Dancing with the Stars
27,5,Mary Lou Retton,14.285714285714286,2018-10-22 2018-10-28,Mary Lou Retton Dancing with the Stars
27,5,Milo Manheim,23.142857142857142,2018-10-22 2018-10-28,Milo Manheim Dancing with the Stars
27,5,Nancy McKeon,14.285714285714286,2018-10-22 2018-10-28,Nancy McKeon Dancing with the Stars
27,5,Nikki Glaser,,2018-10-22 2018-10-28,Nikki Glaser Dancing with the Stars
27,5,Tinashe,14.285714285714286,2018-10-22 2018-10-28,Tinashe Dancing with the Stars
27,6,Alexis Ren,20.142857142857142,2018-10-29 2018-11-04,Alexis Ren Dancing with the Stars
27,6,Bobby Bones,26.142857142857142,2018-10-29 2018-11-04,Bobby Bones Dancing with the Stars
27,6,Danelle Umstead,,2018-10-29 2018-11-04,Danelle Umstead Dancing with the Stars
27,6,DeMarcus Ware,14.285714285714286,2018-10-29 2018-11-04,DeMarcus Ware Dancing with the Stars
27,6,Evanna Lynch,19.857142857142858,2018-10-29 2018-11-04,Evanna Lynch Dancing with the Stars
27,6,Joe Amabile,14.285714285714286,2018-10-29 2018-11-04,Joe Amabile Dancing with the Stars
27,6,John Schneider,14.285714285714286,2018-10-29 2018-11-04,John Schneider Dancing with the Stars
27,6,Juan Pablo Di Pace,14.285714285714286,2018-10-29 2018-11-04,Juan Pablo Di Pace Dancing with the Stars
27,6,Mary Lou Retton,17.0,2018-10-29 2018-11-04,Mary Lou Retton Dancing with the Stars
27,6,Milo Manheim,21.142857142857142,2018-10-29 2018-11-04,Milo Manheim Dancing with the Stars
27,6,Nancy McKeon,,2018-10-29 2018-11-04,Nancy McKeon Dancing with the Stars
27,6,Nikki Glaser,25.571428571428573,2018-10-29 2018-11-04,Nikki Glaser Dancing with the Stars
27,6,Tinashe,,2018-10-29 2018-11-04,Tinashe Dancing with the Stars
27,7,Alexis Ren,24.571428571428573,2018-11-05 2018-11-11,Alexis Ren Dancing with the Stars
27,7,Bobby Bones,23.0,2018-11-05 2018-11-11,Bobby Bones Dancing with the Stars
27,7,Danelle Umstead,14.285714285714286,2018-11-05 2018-11-11,Danelle Umstead Dancing with the Stars
27,7,DeMarcus Ware,14.285714285714286,2018-11-05 2018-11-11,DeMarcus Ware Dancing with the Stars
27,7,Evanna Lynch,14.285714285714286,2018-11-05 2018-11-11,Evanna Lynch Dancing with the Stars
27,7,Joe Amabile,14.285714285714286,2018-11-05 2018-11-11,Joe Amabile Dancing with the Stars
27,7,John Schneider,16.714285714285715,2018-11-05 2018-11-11,John Schneider Dancing with the Stars
27,7,Juan Pablo Di Pace,14.285714285714286,2018-11-05 2018-11-11,Juan Pablo Di Pace Dancing with the Stars
27,7,Mary Lou Retton,,2018-11-05 2018-11-11,Mary Lou Retton Dancing with the Stars
27,7,Milo Manheim,19.285714285714285,2018-11-05 2018-11-11,Milo Manheim Dancing with the Stars
27,7,Nancy McKeon,,2018-11-05 2018-11-11,Nancy McKeon Dancing with the Stars
27,7,Nikki Glaser,,2018-11-05 2018-11-11,Nikki Glaser Dancing with the Stars
27,7,Tinashe,,2018-11-05 2018-11-11,Tinashe Dancing with the Stars
27,8,Alexis Ren,21.857142857142858,2018-11-12 2018-11-18,Alexis Ren Dancing with the Stars
27,8,Bobby Bones,26.285714285714285,2018-11-12 2018-11-18,Bobby Bones Dancing with the Stars
27,8,Danelle Umstead,,2018-11-12 2018-11-18,Danelle Umstead Dancing with the Stars
27,8,DeMarcus Ware,,2018-11-12 2018-11-18,DeMarcus Ware Dancing with the Stars
27,8,Evanna Lynch,19.714285714285715,2018-11-12 2018-11-18,Evanna Lynch Dancing with the Stars
27,8,Joe Amabile,14.285714285714286,2018-11-12 2018-11-18,Joe Amabile Dancing with the Stars
27,8,John Schneider,14.285714285714286,2018-11-12 2018-11-18,John Schneider Dancing with the Stars
27,8,Juan Pablo Di Pace,17.428571428571427,2018-11-12 2018-11-18,Juan Pablo Di Pace Dancing with the Stars
27,8,Mary Lou Retton,,2018-11-12 2018-11-18,Mary Lou Retton Dancing with the Stars
27,8,Milo Manheim,17.428571428571427,2018-11-12 2018-11-18,Milo Manheim Dancing with the Stars
27,8,Nancy McKeon,,2018-11-12 2018-11-18,Nancy McKeon Dancing with the Stars
27,8,Nikki Glaser,,2018-11-12 2018-11-18,Nikki Glaser Dancing with the Stars
27,8,Tinashe,,2018-11-12 2018-11-18,Tinashe Dancing with the Stars
27,9,Alexis Ren,20.714285714285715,2018-11-19 2018-11-25,Alexis Ren Dancing with the Stars
27,9,Bobby Bones,19.428571428571427,2018-11-19 2018-11-25,Bobby Bones Dancing with the Stars
27,9,Danelle Umstead,,2018-11-19 2018-11-25,Danelle Umstead Dancing with the Stars
27,9,DeMarcus Ware,14.285714285714286,2018-11-19 2018-11-25,DeMarcus Ware Dancing with the Stars
27,9,Evanna Lynch,20.857142857142858,2018-11-19 2018-11-25,Evanna Lynch Dancing with the Stars
27,9,Joe Amabile,14.285714285714286,2018-11-19 2018-11-25,Joe Amabile Dancing with the Stars
27,9,John Schneider,14.285714285714286,2018-11-19 2018-11-25,John Schneider Dancing with the Stars
27,9,Juan Pablo Di Pace,14.285714285714286,2018-11-19 2018-11-25,Juan Pablo Di Pace Dancing with the Stars
27,9,Mary Lou Retton,,2018-11-19 2018-11-25,Mary Lou Retton Dancing with the Stars
27,9,Milo Manheim,19.0,2018-11-19 2018-11-25,Milo Manheim Dancing with the Stars
27,9,Nancy McKeon,,2018-11-19 2018-11-25,Nancy McKeon Dancing with the Stars
27,9,Nikki Glaser,,2018-11-19 2018-11-25,Nikki Glaser Dancing with the Stars
27,9,Tinashe,14.285714285714286,2018-11-19 2018-11-25,Tinashe Dancing with the Stars
28,1,Ally Brooke,15.857142857142858,2019-09-16 2019-09-22,Ally Brooke Dancing with the Stars
28,1,Hannah Brown,19.142857142857142,2019-09-16 2019-09-22,Hannah Brown Dancing with the Stars
28,1,James Van Der Beek,19.428571428571427,2019-09-16 2019-09-22,James Van Der Beek Dancing with the Stars
28,1,Karamo Brown,17.714285714285715,2019-09-16 2019-09-22,Karamo Brown Dancing with the Stars
28,1,Kate Flannery,16.714285714285715,2019-09-16 2019-09-22,Kate Flannery Dancing with the Stars
28,1,Kel Mitchell,20.142857142857142,2019-09-16 2019-09-22,Kel Mitchell Dancing with the Stars
28,1,Lamar Odom,18.0,2019-09-16 2019-09-22,Lamar Odom Dancing with the Stars
28,1,Lauren Alaina,20.0,2019-09-16 2019-09-22,Lauren Alaina Dancing with the Stars
28,1,Mary Wilson,16.285714285714285,2019-09-16 2019-09-22,Mary Wilson Dancing with the Stars
28,1,Ray Lewis,23.0,2019-09-16 2019-09-22,Ray Lewis Dancing with the Stars
28,1,Sailor Brinkley-Cook,14.285714285714286,2019-09-16 2019-09-22,Sailor Brinkley-Cook Dancing with the Stars
28,1,Sean Spicer,24.714285714285715,2019-09-16 2019-09-22,Sean Spicer Dancing with the Stars
28,2,Ally Brooke,14.285714285714286,2019-09-23 2019-09-29,Ally Brooke Dancing with the Stars
28,2,Hannah Brown,21.714285714285715,2019-09-23 2019-09-29,Hannah Brown Dancing with the Stars
28,2,James Van Der Beek,23.285714285714285,2019-09-23 2019-09-29,James Van Der Beek Dancing with the Stars
28,2,Karamo Brown,14.285714285714286,2019-09-23 2019-09-29,Karamo Brown Dancing with the Stars
28,2,Kate Flannery,14.285714285714286,2019-09-23 2019-09-29,Kate Flannery Dancing with the Stars
28,2,Kel Mitchell,14.285714285714286,2019-09-23 2019-09-29,Kel Mitchell Dancing with the Stars
28,2,Lamar Odom,16.571428571428573,2019-09-23 2019-09-29,Lamar Odom Dancing with the Stars
28,2,Lauren Alaina,20.0,2019-09-23 2019-09-29,Lauren Alaina Dancing with the Stars
28,2,Mary Wilson,16.0,2019-09-23 2019-09-29,Mary Wilson Dancing with the Stars
28,2,Ray Lewis,17.285714285714285,2019-09-23 2019-09-29,Ray Lewis Dancing with the Stars
28,2,Sailor Brinkley-Cook,,2019-09-23 2019-09-29,Sailor Brinkley-Cook Dancing with the Stars
28,2,Sean Spicer,28.714285714285715,2019-09-23 2019-09-29,Sean Spicer Dancing with the Stars
28,3,Ally Brooke,17.714285714285715,2019-09-30 2019-10-06,Ally Brooke Dancing with the Stars
28,3,Hannah Brown,20.285714285714285,2019-09-30 2019-10-06,Hannah Brown Dancing with the Stars
28,3,James Van Der Beek,14.285714285714286,2019-09-30 2019-10-06,James Van Der Beek Dancing with the Stars
28,3,Karamo Brown,14.285714285714286,2019-09-30 2019-10-06,Karamo Brown Dancing with the Stars
28,3,Kate Flannery,14.285714285714286,2019-09-30 2019-10-06,Kate Flannery Dancing with the Stars
28,3,Kel Mitchell,20.285714285714285,2019-09-30 2019-10-06,Kel Mitchell Dancing with the Stars
28,3,Lamar Odom,17.0,2019-09-30 2019-10-06,Lamar Odom Dancing with the Stars
28,3,Lauren Alaina,20.714285714285715,2019-09-30 2019-10-06,Lauren Alaina Dancing with the Stars
28,3,Mary Wilson,14.285714285714286,2019-09-30 2019-10-06,Mary Wilson Dancing with the Stars
28,3,Ray Lewis,16.285714285714285,2019-09-30 2019-10-06,Ray Lewis Dancing with the Stars
28,3,Sailor Brinkley-Cook,,2019-09-30 2019-10-06,Sailor Brinkley-Cook Dancing with the Stars
28,3,Sean Spicer,28.571428571428573,2019-09-30 2019-10-06,Sean Spicer Dancing with the Stars
28,4,Ally Brooke,14.285714285714286,2019-10-07 2019-10-13,Ally Brooke Dancing with the Stars
28,4,Hannah Brown,21.857142857142858,2019-10-07 2019-10-13,Hannah Brown Dancing with the Stars
28,4,James Van Der Beek,19.142857142857142,2019-10-07 2019-10-13,James Van Der Beek Dancing with the Stars
28,4,Karamo Brown,14.285714285714286,2019-10-07 2019-10-13,Karamo Brown Dancing with the Stars
28,4,Kate Flannery,14.285714285714286,2019-10-07 2019-10-13,Kate Flannery Dancing with the Stars
28,4,Kel Mitchell,17.142857142857142,2019-10-07 2019-10-13,Kel Mitchell Dancing with the Stars
28,4,Lamar Odom,18.285714285714285,2019-10-07 2019-10-13,Lamar Odom Dancing with the Stars
28,4,Lauren Alaina,14.285714285714286,2019-10-07 2019-10-13,Lauren Alaina Dancing with the Stars
28,4,Mary Wilson,,2019-10-07 2019-10-13,Mary Wilson Dancing with the Stars
28,4,Ray Lewis,14.285714285714286,2019-10-07 2019-10-13,Ray Lewis Dancing with the Stars
28,4,Sailor Brinkley-Cook,,2019-10-07 2019-10-13,Sailor Brinkley-Cook Dancing with the Stars
28,4,Sean Spicer,26.857142857142858,2019-10-07 2019-10-13,Sean Spicer Dancing with the Stars
28,5,Ally Brooke,15.714285714285714,2019-10-14 2019-10-20,Ally Brooke Dancing with the Stars
28,5,Hannah Brown,22.857142857142858,2019-10-14 2019-10-20,Hannah Brown Dancing with the Stars
28,5,James Van Der Beek,14.285714285714286,2019-10-14 2019-10-20,James Van Der Beek Dancing with the Stars
28,5,Karamo Brown,14.285714285714286,2019-10-14 2019-10-20,Karamo Brown Dancing with the Stars
28,5,Kate Flannery,14.285714285714286,2019-10-14 2019-10-20,Kate Flannery Dancing with the Stars
28,5,Kel Mitchell,14.285714285714286,2019-10-14 2019-10-20,Kel Mitchell Dancing with the Stars
28,5,Lamar Odom,14.285714285714286,2019-10-14 2019-10-20,Lamar Odom Dancing with the Stars
28,5,Lauren Alaina,14.285714285714286,2019-10-14 2019-10-20,Lauren Alaina Dancing with the Stars
28,5,Mary Wilson,,2019-10-14 2019-10-20,Mary Wilson Dancing with the Stars
28,5,Ray Lewis,,2019-10-14 2019-10-20,Ray Lewis Dancing with the Stars
28,5,Sailor Brinkley-Cook,,2019-10-14 2019-10-20,Sailor Brinkley-Cook Dancing with the Stars
28,5,Sean Spicer,26.0,2019-10-14 2019-10-20,Sean Spicer Dancing with the Stars
28,6,Ally Brooke,14.285714285714286,2019-10-21 2019-10-27,Ally Brooke Dancing with the Stars
28,6,Hannah Brown,24.857142857142858,2019-10-21 2019-10-27,Hannah Brown Dancing with the Stars
28,6,James Van Der Beek,14.285714285714286,2019-10-21 2019-10-27,James Van Der Beek Dancing with the Stars
28,6,Karamo Brown,14.285714285714286,2019-10-21 2019-10-27,Karamo Brown Dancing with the Stars
28,6,Kate Flannery,14.285714285714286,2019-10-21 2019-10-27,Kate Flannery Dancing with the Stars
28,6,Kel Mitchell,14.285714285714286,2019-10-21 2019-10-27,Kel Mitchell Dancing with the Stars
28,6,Lamar Odom,14.285714285714286,2019-10-21 2019-10-27,Lamar Odom Dancing with the Stars
28,6,Lauren Alaina,23.285714285714285,2019-10-21 2019-10-27,Lauren Alaina Dancing with the Stars
28,6,Mary Wilson,,2019-10-21 2019-10-27,Mary Wilson Dancing with the Stars
28,6,Ray Lewis,,2019-10-21 2019-10-27,Ray Lewis Dancing with the Stars
28,6,Sailor Brinkley-Cook,14.285714285714286,2019-10-21 2019-10-27,Sailor Brinkley-Cook Dancing with the Stars
28,6,Sean Spicer,24.571428571428573,2019-10-21 2019-10-27,Sean Spicer Dancing with the Stars
28,7,Ally Brooke,14.285714285714286,2019-10-28 2019-11-03,Ally Brooke Dancing with the Stars
28,7,Hannah Brown,33.42857142857143,2019-10-28 2019-11-03,Hannah Brown Dancing with the Stars
28,7,James Van Der Beek,14.285714285714286,2019-10-28 2019-11-03,James Van Der Beek Dancing with the Stars
28,7,Karamo Brown,14.285714285714286,2019-10-28 2019-11-03,Karamo Brown Dancing with the Stars
28,7,Kate Flannery,17.428571428571427,2019-10-28 2019-11-03,Kate Flannery Dancing with the Stars
28,7,Kel Mitchell,14.285714285714286,2019-10-28 2019-11-03,Kel Mitchell Dancing with the Stars
28,7,Lamar Odom,,2019-10-28 2019-11-03,Lamar Odom Dancing with the Stars
28,7,Lauren Alaina,18.428571428571427,2019-10-28 2019-11-03,Lauren Alaina Dancing with the Stars
28,7,Mary Wilson,,2019-10-28 2019-11-03,Mary Wilson Dancing with the Stars
28,7,Ray Lewis,,2019-10-28 2019-11-03,Ray Lewis Dancing with the Stars
28,7,Sailor Brinkley-Cook,,2019-10-28 2019-11-03,Sailor Brinkley-Cook Dancing with the Stars
28,7,Sean Spicer,27.714285714285715,2019-10-28 2019-11-03,Sean Spicer Dancing with the Stars
28,8,Ally Brooke,14.285714285714286,2019-11-04 2019-11-10,Ally Brooke Dancing with the Stars
28,8,Hannah Brown,21.571428571428573,2019-11-04 2019-11-10,Hannah Brown Dancing with the Stars
28,8,James Van Der Beek,18.857142857142858,2019-11-04 2019-11-10,James Van Der Beek Dancing with the Stars
28,8,Karamo Brown,,2019-11-04 2019-11-10,Karamo Brown Dancing with the Stars
28,8,Kate Flannery,15.714285714285714,2019-11-04 2019-11-10,Kate Flannery Dancing with the Stars
28,8,Kel Mitchell,14.285714285714286,2019-11-04 2019-11-10,Kel Mitchell Dancing with the Stars
28,8,Lamar Odom,,2019-11-04 2019-11-10,Lamar Odom Dancing with the Stars
28,8,Lauren Alaina,20.857142857142858,2019-11-04 2019-11-10,Lauren Alaina Dancing with the Stars
28,8,Mary Wilson,,2019-11-04 2019-11-10,Mary Wilson Dancing with the Stars
28,8,Ray Lewis,,2019-11-04 2019-11-10,Ray Lewis Dancing with the Stars
28,8,Sailor Brinkley-Cook,,2019-11-04 2019-11-10,Sailor Brinkley-Cook Dancing with the Stars
28,8,Sean Spicer,25.142857142857142,2019-11-04 2019-11-10,Sean Spicer Dancing with the Stars
28,9,Ally Brooke,14.285714285714286,2019-11-11 2019-11-17,Ally Brooke Dancing with the Stars
28,9,Hannah Brown,26.285714285714285,2019-11-11 2019-11-17,Hannah Brown Dancing with the Stars
28,9,James Van Der Beek,21.571428571428573,2019-11-11 2019-11-17,James Van Der Beek Dancing with the Stars
28,9,Karamo Brown,,2019-11-11 2019-11-17,Karamo Brown Dancing with the Stars
28,9,Kate Flannery,,2019-11-11 2019-11-17,Kate Flannery Dancing with the Stars
28,9,Kel Mitchell,14.285714285714286,2019-11-11 2019-11-17,Kel Mitchell Dancing with the Stars
28,9,Lamar Odom,,2019-11-11 2019-11-17,Lamar Odom Dancing with the Stars
28,9,Lauren Alaina,14.285714285714286,2019-11-11 2019-11-17,Lauren Alaina Dancing with the Stars
28,9,Mary Wilson,,2019-11-11 2019-11-17,Mary Wilson Dancing with the Stars
28,9,Ray Lewis,,2019-11-11 2019-11-17,Ray Lewis Dancing with the Stars
28,9,Sailor Brinkley-Cook,,2019-11-11 2019-11-17,Sailor Brinkley-Cook Dancing with the Stars
28,9,Sean Spicer,20.571428571428573,2019-11-11 2019-11-17,Sean Spicer Dancing with the Stars
28,10,Ally Brooke,17.142857142857142,2019-11-18 2019-11-24,Ally Brooke Dancing with the Stars
28,10,Hannah Brown,24.285714285714285,2019-11-18 2019-11-24,Hannah Brown Dancing with the Stars
28,10,James Van Der Beek,17.571428571428573,2019-11-18 2019-11-24,James Van Der Beek Dancing with the Stars
28,10,Karamo Brown,,2019-11-18 2019-11-24,Karamo Brown Dancing with the Stars
28,10,Kate Flannery,,2019-11-18 2019-11-24,Kate Flannery Dancing with the Stars
28,10,Kel Mitchell,16.285714285714285,2019-11-18 2019-11-24,Kel Mitchell Dancing with the Stars
28,10,Lamar Odom,,2019-11-18 2019-11-24,Lamar Odom Dancing with the Stars
28,10,Lauren Alaina,16.142857142857142,2019-11-18 2019-11-24,Lauren Alaina Dancing with the Stars
28,10,Mary Wilson,,2019-11-18 2019-11-24,Mary Wilson Dancing with the Stars
28,10,Ray Lewis,,2019-11-18 2019-11-24,Ray Lewis Dancing with the Stars
28,10,Sailor Brinkley-Cook,,2019-11-18 2019-11-24,Sailor Brinkley-Cook Dancing with the Stars
28,10,Sean Spicer,25.285714285714285,2019-11-18 2019-11-24,Sean Spicer Dancing with the Stars
28,11,Ally Brooke,16.428571428571427,2019-11-25 2019-12-01,Ally Brooke Dancing with the Stars
28,11,Hannah Brown,21.285714285714285,2019-11-25 2019-12-01,Hannah Brown Dancing with the Stars
28,11,James Van Der Beek,19.571428571428573,2019-11-25 2019-12-01,James Van Der Beek Dancing with the Stars
28,11,Karamo Brown,,2019-11-25 2019-12-01,Karamo Brown Dancing with the Stars
28,11,Kate Flannery,,2019-11-25 2019-12-01,Kate Flannery Dancing with the Stars
28,11,Kel Mitchell,19.0,2019-11-25 2019-12-01,Kel Mitchell Dancing with the Stars
28,11,Lamar Odom,22.142857142857142,2019-11-25 2019-12-01,Lamar Odom Dancing with the Stars
28,11,Lauren Alaina,18.571428571428573,2019-11-25 2019-12-01,Lauren Alaina Dancing with the Stars
28,11,Mary Wilson,,2019-11-25 2019-12-01,Mary Wilson Dancing with the Stars
28,11,Ray Lewis,14.285714285714286,2019-11-25 2019-12-01,Ray Lewis Dancing with the Stars
28,11,Sailor Brinkley-Cook,,2019-11-25 2019-12-01,Sailor Brinkley-Cook Dancing with the Stars
28,11,Sean Spicer,14.285714285714286,2019-11-25 2019-12-01,Sean Spicer Dancing with the Stars
4,2,Shandi Finnessey,27.428571428571427,2007-03-26 2007-04-01,Shandi Finnessey Dancing with the Stars,,ok
4,3,Apolo Anton Ohno,0.0,2007-04-02 2007-04-08,Apolo Anton Ohno Dancing with the Stars,,ok
4,3,Billy Ray Cyrus,0.0,2007-04-02 2007-04-08,Billy Ray Cyrus Dancing with the Stars,,ok
4,3,Clyde Drexler,0.0,2007-04-02 2007-04-08,Clyde Drexler Dancing with the Stars,,ok
4,3,Heather Mills,28.285714285714285,2007-04-02 2007-04-08,Heather Mills Dancing with the Stars,,ok
4,3,Ian Ziering,0.0,2007-04-02 2007-04-08,Ian Ziering Dancing with the Stars,,ok
4,3,Joey Fatone,,2007-04-02 2007-04-08,Joey Fatone Dancing with the Stars,,empty
4,3,John Ratzenberger,,2007-04-02 2007-04-08,John Ratzenberger Dancing with the Stars,,empty
4,3,Laila Ali,,2007-04-02 2007-04-08,Laila Ali Dancing with the Stars,,empty
4,3,Leeza Gibbons,,2007-04-02 2007-04-08,Leeza Gibbons Dancing with the Stars,,empty
4,3,Paulina Porizkova,,2007-04-02 2007-04-08,Paulina Porizkova Dancing with the Stars,,empty
4,3,Shandi Finnessey,14.285714285714286,2007-04-02 2007-04-08,Shandi Finnessey Dancing with the Stars,,ok
4,4,Apolo Anton Ohno,,2007-04-09 2007-04-15,Apolo Anton Ohno Dancing with the Stars,,fail:TooManyRequestsError
4,4,Billy Ray Cyrus,,2007-04-09 2007-04-15,Billy Ray Cyrus Dancing with the Stars,,fail:TooManyRequestsError
4,4,Clyde Drexler,,2007-04-09 2007-04-15,Clyde Drexler Dancing with the Stars,,fail:TooManyRequestsError
4,4,Heather Mills,,2007-04-09 2007-04-15,Heather Mills Dancing with the Stars,,fail:TooManyRequestsError
4,4,Ian Ziering,,2007-04-09 2007-04-15,Ian Ziering Dancing with the Stars,,fail:TooManyRequestsError
4,4,Joey Fatone,,2007-04-09 2007-04-15,Joey Fatone Dancing with the Stars,,fail:TooManyRequestsError
4,4,John Ratzenberger,,2007-04-09 2007-04-15,John Ratzenberger Dancing with the Stars,,fail:TooManyRequestsError
4,4,Laila Ali,,2007-04-09 2007-04-15,Laila Ali Dancing with the Stars,,fail:TooManyRequestsError
4,4,Leeza Gibbons,,2007-04-09 2007-04-15,Leeza Gibbons Dancing with the Stars,,fail:TooManyRequestsError
4,4,Paulina Porizkova,,2007-04-09 2007-04-15,Paulina Porizkova Dancing with the Stars,,fail:TooManyRequestsError
4,4,Shandi Finnessey,,2007-04-09 2007-04-15,Shandi Finnessey Dancing with the Stars,,empty
4,5,Apolo Anton Ohno,9.714285714285714,2007-04-16 2007-04-22,Apolo Anton Ohno Dancing with the Stars,,ok
4,5,Billy Ray Cyrus,0.0,2007-04-16 2007-04-22,Billy Ray Cyrus Dancing with the Stars,,ok
4,5,Clyde Drexler,0.0,2007-04-16 2007-04-22,Clyde Drexler Dancing with the Stars,,ok
4,5,Heather Mills,31.0,2007-04-16 2007-04-22,Heather Mills Dancing with the Stars,,ok
4,5,Ian Ziering,0.0,2007-04-16 2007-04-22,Ian Ziering Dancing with the Stars,,ok
4,5,Joey Fatone,,2007-04-16 2007-04-22,Joey Fatone Dancing with the Stars,,fail:TooManyRequestsError
4,5,John Ratzenberger,,2007-04-16 2007-04-22,John Ratzenberger Dancing with the Stars,,fail:TooManyRequestsError
4,5,Laila Ali,,2007-04-16 2007-04-22,Laila Ali Dancing with the Stars,,fail:TooManyRequestsError
4,5,Leeza Gibbons,,2007-04-16 2007-04-22,Leeza Gibbons Dancing with the Stars,,fail:TooManyRequestsError
4,5,Paulina Porizkova,,2007-04-16 2007-04-22,Paulina Porizkova Dancing with the Stars,,fail:TooManyRequestsError
4,5,Shandi Finnessey,,2007-04-16 2007-04-22,Shandi Finnessey Dancing with the Stars,,empty
4,6,Apolo Anton Ohno,7.857142857142857,2007-04-23 2007-04-29,Apolo Anton Ohno Dancing with the Stars,,ok
4,6,Billy Ray Cyrus,0.0,2007-04-23 2007-04-29,Billy Ray Cyrus Dancing with the Stars,,ok
4,6,Clyde Drexler,0.0,2007-04-23 2007-04-29,Clyde Drexler Dancing with the Stars,,ok
4,6,Heather Mills,23.857142857142858,2007-04-23 2007-04-29,Heather Mills Dancing with the Stars,,ok
4,6,Ian Ziering,11.714285714285714,2007-04-23 2007-04-29,Ian Ziering Dancing with the Stars,,ok
4,6,Joey Fatone,0.0,2007-04-23 2007-04-29,Joey Fatone Dancing with the Stars,,ok
4,6,John Ratzenberger,14.142857142857142,2007-04-23 2007-04-29,John Ratzenberger Dancing with the Stars,,ok
4,6,Laila Ali,14.285714285714286,2007-04-23 2007-04-29,Laila Ali Dancing with the Stars,,ok
4,6,Leeza Gibbons,0.0,2007-04-23 2007-04-29,Leeza Gibbons Dancing with the Stars,,ok
4,6,Paulina Porizkova,0.0,2007-04-23 2007-04-29,Paulina Porizkova Dancing with the Stars,,ok
