season,week,window_start,window_end,source_url
1,1,2005-06-01,2005-06-07,https://en.wikipedia.org/wiki/Dancing_with_the_Stars_(American_season_1)
1,2,2005-06-08,2005-06-14,https://en.wikipedia.org/wiki/Dancing_with_the_Stars_(American_season_1)
1,3,2005-06-15,2005-06-21,https://en.wikipedia.org/wiki/Dancing_with_the_Stars_(American_season_1)
1,4,2005-06-22,2005-06-28,https://en.wikipedia.org/wiki/Dancing_with_the_Stars_(American_season_1)
1,5,2005-06-29,2005-07-05,https://en.wikipedia.org/wiki/Dancing_with_the_Stars_(American_season_1)
1,6,2005-07-06,2005-09-19,https://en.wikipedia.org/wiki/Dancing_with_the_Stars_(American_season_1)
2,1,2006-01-05,2006-01-05,https://en.wikipedia.org/wiki/Dancing_with_the_Stars_(American_season_2)
2,2,2006-01-06,2006-01-11,https://en.wikipedia.org/wiki/Dancing_with_the_Stars_(American_season_2)
2,3,2006-01-12,2006-01-12,https://en.wikipedia.org/wiki/Dancing_with_the_Stars_(American_season_2)
2,4,2006-01-13,2006-01-18,https://en.wikipedia.org/wiki/Dancing_with_the_Stars_(American_season_2)
2,5,2006-01-19,2006-01-19,https://en.wikipedia.org/wiki/Dancing_with_the_Stars_(American_season_2)
2,6,2006-01-20,2006-01-25,https://en.wikipedia.org/wiki/Dancing_with_the_Stars_(American_season_2)
2,7,2006-01-26,2006-01-26,https://en.wikipedia.org/wiki/Dancing_with_the_Stars_(American_season_2)
2,8,2006-01-27,2006-02-01,https://en.wikipedia.org/wiki/Dancing_with_the_Stars_(American_season_2)
3,1,2006-09-12,2006-09-12,https://en.wikipedia.org/wiki/Dancing_with_the_Stars_(American_season_3)
3,2,2006-09-13,2006-09-18,https://en.wikipedia.org/wiki/Dancing_with_the_Stars_(American_season_3)
3,3,2006-09-19,2006-09-19,https://en.wikipedia.org/wiki/Dancing_with_the_Stars_(American_season_3)
3,4,2006-09-20,2006-09-25,https://en.wikipedia.org/wiki/Dancing_with_the_Stars_(American_season_3)
3,5,2006-09-26,2006-09-26,https://en.wikipedia.org/wiki/Dancing_with_the_Stars_(American_season_3)
3,6,2006-09-27,2006-10-02,https://en.wikipedia.org/wiki/Dancing_with_the_Stars_(American_season_3)
3,7,2006-10-03,2006-10-03,https://en.wikipedia.org/wiki/Dancing_with_the_Stars_(American_season_3)
3,8,2006-10-04,2006-10-09,https://en.wikipedia.org/wiki/Dancing_with_the_Stars_(American_season_3)
3,9,2006-10-10,2006-10-10,https://en.wikipedia.org/wiki/Dancing_with_the_Stars_(American_season_3)
3,10,2006-10-11,2006-10-16,https://en.wikipedia.org/wiki/Dancing_with_the_Stars_(American_season_3)
4,1,2007-03-19,2007-03-25,https://en.wikipedia.org/wiki/Dancing_with_the_Stars_(American_season_4)
4,2,2007-03-26,2007-03-26,https://en.wikipedia.org/wiki/Dancing_with_the_Stars_(American_season_4)
4,3,2007-03-27,2007-04-01,https://en.wikipedia.org/wiki/Dancing_with_the_Stars_(American_season_4)
4,4,2007-04-02,2007-04-02,https://en.wikipedia.org/wiki/Dancing_with_the_Stars_(American_season_4)
4,5,2007-04-03,2007-04-08,https://en.wikipedia.org/wiki/Dancing_with_the_Stars_(American_season_4)
4,6,2007-04-09,2007-04-09,https://en.wikipedia.org/wiki/Dancing_with_the_Stars_(American_season_4)
4,7,2007-04-10,2007-04-15,https://en.wikipedia.org/wiki/Dancing_with_the_Stars_(American_season_4)
4,8,2007-04-16,2007-04-16,https://en.wikipedia.org/wiki/Dancing_with_the_Stars_(American_season_4)
4,9,2007-04-17,2007-04-22,https://en.wikipedia.org/wiki/Dancing_with_the_Stars_(American_season_4)
4,10,2007-04-23,2007-04-23,https://en.wikipedia.org/wiki/Dancing_with_the_Stars_(American_season_4)
5,1,2007-09-24,2007-09-24,https://en.wikipedia.org/wiki/Dancing_with_the_Stars_(American_season_5)
5,2,2007-09-25,2007-09-25,https://en.wikipedia.org/wiki/Dancing_with_the_Stars_(American_season_5)
5,3,2007-09-26,2007-09-30,https://en.wikipedia.org/wiki/Dancing_with_the_Stars_(American_season_5)
5,4,2007-10-01,2007-10-01,https://en.wikipedia.org/wiki/Dancing_with_the_Stars_(American_season_5)
5,5,2007-10-02,2007-10-07,https://en.wikipedia.org/wiki/Dancing_with_the_Stars_(American_season_5)
5,6,2007-10-08,2007-10-08,https://en.wikipedia.org/wiki/Dancing_with_the_Stars_(American_season_5)
5,7,2007-10-09,2007-10-14,https://en.wikipedia.org/wiki/Dancing_with_the_Stars_(American_season_5)
5,8,2007-10-15,2007-10-15,https://en.wikipedia.org/wiki/Dancing_with_the_Stars_(American_season_5)
5,9,2007-10-16,2007-10-21,https://en.wikipedia.org/wiki/Dancing_with_the_Stars_(American_season_5)
5,10,2007-10-22,2007-10-22,https://en.wikipedia.org/wiki/Dancing_with_the_Stars_(American_season_5)
6,1,2008-03-17,2008-03-17,https://en.wikipedia.org/wiki/Dancing_with_the_Stars_(American_season_6)
6,2,2008-03-18,2008-03-23,https://en.wikipedia.org/wiki/Dancing_with_the_Stars_(American_season_6)
6,3,2008-03-24,2008-03-24,https://en.wikipedia.org/wiki/Dancing_with_the_Stars_(American_season_6)
6,4,2008-03-25,2008-03-30,https://en.wikipedia.org/wiki/Dancing_with_the_Stars_(American_season_6)
6,5,2008-03-31,2008-03-31,https://en.wikipedia.org/wiki/Dancing_with_the_Stars_(American_season_6)
6,6,2008-04-01,2008-04-06,https://en.wikipedia.org/wiki/Dancing_with_the_Stars_(American_season_6)
6,7,2008-04-07,2008-04-07,https://en.wikipedia.org/wiki/Dancing_with_the_Stars_(American_season_6)
6,8,2008-04-08,2008-04-13,https://en.wikipedia.org/wiki/Dancing_with_the_Stars_(American_season_6)
6,9,2008-04-14,2008-04-14,https://en.wikipedia.org/wiki/Dancing_with_the_Stars_(American_season_6)
6,10,2008-04-15,2008-04-20,https://en.wikipedia.org/wiki/Dancing_with_the_Stars_(American_season_6)
7,1,2008-09-22,2008-09-22,https://en.wikipedia.org/wiki/Dancing_with_the_Stars_(American_season_7)
7,2,2008-09-23,2008-09-23,https://en.wikipedia.org/wiki/Dancing_with_the_Stars_(American_season_7)
7,3,2008-09-24,2008-09-28,https://en.wikipedia.org/wiki/Dancing_with_the_Stars_(American_season_7)
7,4,2008-09-29,2008-09-29,https://en.wikipedia.org/wiki/Dancing_with_the_Stars_(American_season_7)
7,5,2008-09-30,2008-10-05,https://en.wikipedia.org/wiki/Dancing_with_the_Stars_(American_season_7)
7,6,2008-10-06,2008-10-06,https://en.wikipedia.org/wiki/Dancing_with_the_Stars_(American_season_7)
7,7,2008-10-07,2008-10-12,https://en.wikipedia.org/wiki/Dancing_with_the_Stars_(American_season_7)
7,8,2008-10-13,2008-10-13,https://en.wikipedia.org/wiki/Dancing_with_the_Stars_(American_season_7)
7,9,2008-10-14,2008-10-19,https://en.wikipedia.org/wiki/Dancing_with_the_Stars_(American_season_7)
7,10,2008-10-20,2008-10-20,https://en.wikipedia.org/wiki/Dancing_with_the_Stars_(American_season_7)
8,1,2009-03-09,2009-03-15,https://en.wikipedia.org/wiki/Dancing_with_the_Stars_(American_season_8)
8,2,2009-03-16,2009-03-16,https://en.wikipedia.org/wiki/Dancing_with_the_Stars_(American_season_8)
8,3,2009-03-17,2009-03-22,https://en.wikipedia.org/wiki/Dancing_with_the_Stars_(American_season_8)
8,4,2009-03-23,2009-03-23,https://en.wikipedia.org/wiki/Dancing_with_the_Stars_(American_season_8)
8,5,2009-03-24,2009-03-29,https://en.wikipedia.org/wiki/Dancing_with_the_Stars_(American_season_8)
8,6,2009-03-30,2009-03-30,https://en.wikipedia.org/wiki/Dancing_with_the_Stars_(American_season_8)
8,7,2009-03-31,2009-04-05,https://en.wikipedia.org/wiki/Dancing_with_the_Stars_(American_season_8)
8,8,2009-04-06,2009-04-06,https://en.wikipedia.org/wiki/Dancing_with_the_Stars_(American_season_8)
8,9,2009-04-07,2009-04-12,https://en.wikipedia.org/wiki/Dancing_with_the_Stars_(American_season_8)
8,10,2009-04-13,2009-04-13,https://en.wikipedia.org/wiki/Dancing_with_the_Stars_(American_season_8)
8,11,2009-04-14,2009-04-19,https://en.wikipedia.org/wiki/Dancing_with_the_Stars_(American_season_8)
9,1,2009-09-21,2009-09-21,https://en.wikipedia.org/wiki/Dancing_with_the_Stars_(American_season_9)
9,2,2009-09-22,2009-09-22,https://en.wikipedia.org/wiki/Dancing_with_the_Stars_(American_season_9)
9,3,2009-09-23,2009-09-27,https://en.wikipedia.org/wiki/Dancing_with_the_Stars_(American_season_9)
9,4,2009-09-28,2009-09-28,https://en.wikipedia.org/wiki/Dancing_with_the_Stars_(American_season_9)
9,5,2009-09-29,2009-10-04,https://en.wikipedia.org/wiki/Dancing_with_the_Stars_(American_season_9)
9,6,2009-10-05,2009-10-05,https://en.wikipedia.org/wiki/Dancing_with_the_Stars_(American_season_9)
9,7,2009-10-06,2009-10-11,https://en.wikipedia.org/wiki/Dancing_with_the_Stars_(American_season_9)
9,8,2009-10-12,2009-10-12,https://en.wikipedia.org/wiki/Dancing_with_the_Stars_(American_season_9)
9,9,2009-10-13,2009-10-18,https://en.wikipedia.org/wiki/Dancing_with_the_Stars_(American_season_9)
9,10,2009-10-19,2009-10-19,https://en.wikipedia.org/wiki/Dancing_with_the_Stars_(American_season_9)
10,1,2010-03-22,2010-03-28,https://en.wikipedia.org/wiki/Dancing_with_the_Stars_(American_season_10)
10,2,2010-03-29,2010-03-29,https://en.wikipedia.org/wiki/Dancing_with_the_Stars_(American_season_10)
10,3,2010-03-30,2010-04-04,https://en.wikipedia.org/wiki/Dancing_with_the_Stars_(American_season_10)
10,4,2010-04-05,2010-04-05,https://en.wikipedia.org/wiki/Dancing_with_the_Stars_(American_season_10)
10,5,2010-04-06,2010-04-11,https://en.wikipedia.org/wiki/Dancing_with_the_Stars_(American_season_10)
10,6,2010-04-12,2010-04-12,https://en.wikipedia.org/wiki/Dancing_with_the_Stars_(American_season_10)
10,7,2010-04-13,2010-04-18,https://en.wikipedia.org/wiki/Dancing_with_the_Stars_(American_season_10)
10,8,2010-04-19,2010-04-19,https://en.wikipedia.org/wiki/Dancing_with_the_Stars_(American_season_10)
10,9,2010-04-20,2010-04-25,https://en.wikipedia.org/wiki/Dancing_with_the_Stars_(American_season_10)
10,10,2010-04-26,2010-04-26,https://en.wikipedia.org/wiki/Dancing_with_the_Stars_(American_season_10)
13,1,2011-09-19,2011-09-19,https://en.wikipedia.org/wiki/Dancing_with_the_Stars_(American_season_13)
13,2,2011-09-20,2011-09-25,https://en.wikipedia.org/wiki/Dancing_with_the_Stars_(American_season_13)
13,3,2011-09-26,2011-09-26,https://en.wikipedia.org/wiki/Dancing_with_the_Stars_(American_season_13)
13,4,2011-09-27,2011-10-02,https://en.wikipedia.org/wiki/Dancing_with_the_Stars_(American_season_13)
13,5,2011-10-03,2011-10-03,https://en.wikipedia.org/wiki/Dancing_with_the_Stars_(American_season_13)
13,6,2011-10-04,2011-10-09,https://en.wikipedia.org/wiki/Dancing_with_the_Stars_(American_season_13)
13,7,2011-10-10,2011-10-10,https://en.wikipedia.org/wiki/Dancing_with_the_Stars_(American_season_13)
13,8,2011-10-11,2011-10-16,https://en.wikipedia.org/wiki/Dancing_with_the_Stars_(American_season_13)
13,9,2011-10-17,2011-10-17,https://en.wikipedia.org/wiki/Dancing_with_the_Stars_(American_season_13)
13,10,2011-10-18,2011-10-23,https://en.wikipedia.org/wiki/Dancing_with_the_Stars_(American_season_13)
14,1,2012-03-19,2012-03-25,https://en.wikipedia.org/wiki/Dancing_with_the_Stars_(American_season_14)
14,2,2012-03-26,2012-03-26,https://en.wikipedia.org/wiki/Dancing_with_the_Stars_(American_season_14)
14,3,2012-03-27,2012-04-01,https://en.wikipedia.org/wiki/Dancing_with_the_Stars_(American_season_14)
14,4,2012-04-02,2012-04-02,https://en.wikipedia.org/wiki/Dancing_with_the_Stars_(American_season_14)
14,5,2012-04-03,2012-04-08,https://en.wikipedia.org/wiki/Dancing_with_the_Stars_(American_season_14)
14,6,2012-04-09,2012-04-09,https://en.wikipedia.org/wiki/Dancing_with_the_Stars_(American_season_14)
14,7,2012-04-10,2012-04-15,https://en.wikipedia.org/wiki/Dancing_with_the_Stars_(American_season_14)
14,8,2012-04-16,2012-04-16,https://en.wikipedia.org/wiki/Dancing_with_the_Stars_(American_season_14)
14,9,2012-04-17,2012-04-22,https://en.wikipedia.org/wiki/Dancing_with_the_Stars_(American_season_14)
14,10,2012-04-23,2012-04-23,https://en.wikipedia.org/wiki/Dancing_with_the_Stars_(American_season_14)
15,1,2012-09-24,2012-09-24,https://en.wikipedia.org/wiki/Dancing_with_the_Stars_(American_season_15)
15,2,2012-09-25,2012-09-30,https://en.wikipedia.org/wiki/Dancing_with_the_Stars_(American_season_15)
15,3,2012-10-01,2012-10-01,https://en.wikipedia.org/wiki/Dancing_with_the_Stars_(American_season_15)
15,4,2012-10-02,2012-10-07,https://en.wikipedia.org/wiki/Dancing_with_the_Stars_(American_season_15)
15,5,2012-10-08,2012-10-08,https://en.wikipedia.org/wiki/Dancing_with_the_Stars_(American_season_15)
15,6,2012-10-09,2012-10-14,https://en.wikipedia.org/wiki/Dancing_with_the_Stars_(American_season_15)
15,7,2012-10-15,2012-10-15,https://en.wikipedia.org/wiki/Dancing_with_the_Stars_(American_season_15)
15,8,2012-10-16,2012-10-21,https://en.wikipedia.org/wiki/Dancing_with_the_Stars_(American_season_15)
15,9,2012-10-22,2012-10-22,https://en.wikipedia.org/wiki/Dancing_with_the_Stars_(American_season_15)
15,10,2012-10-23,2012-10-28,https://en.wikipedia.org/wiki/Dancing_with_the_Stars_(American_season_15)
16,1,2013-03-18,2013-03-18,https://en.wikipedia.org/wiki/Dancing_with_the_Stars_(American_season_16)
16,2,2013-03-19,2013-03-24,https://en.wikipedia.org/wiki/Dancing_with_the_Stars_(American_season_16)
16,3,2013-03-25,2013-03-25,https://en.wikipedia.org/wiki/Dancing_with_the_Stars_(American_season_16)
16,4,2013-03-26,2013-03-31,https://en.wikipedia.org/wiki/Dancing_with_the_Stars_(American_season_16)
16,5,2013-04-01,2013-04-01,https://en.wikipedia.org/wiki/Dancing_with_the_Stars_(American_season_16)
16,6,2013-04-02,2013-04-07,https://en.wikipedia.org/wiki/Dancing_with_the_Stars_(American_season_16)
16,7,2013-04-08,2013-04-08,https://en.wikipedia.org/wiki/Dancing_with_the_Stars_(American_season_16)
16,8,2013-04-09,2013-04-14,https://en.wikipedia.org/wiki/Dancing_with_the_Stars_(American_season_16)
16,9,2013-04-15,2013-04-15,https://en.wikipedia.org/wiki/Dancing_with_the_Stars_(American_season_16)
16,10,2013-04-16,2013-04-21,https://en.wikipedia.org/wiki/Dancing_with_the_Stars_(American_season_16)
17,1,2013-09-16,2013-09-22,https://en.wikipedia.org/wiki/Dancing_with_the_Stars_(American_season_17)
17,2,2013-09-23,2013-09-29,https://en.wikipedia.org/wiki/Dancing_with_the_Stars_(American_season_17)
17,3,2013-09-30,2013-10-06,https://en.wikipedia.org/wiki/Dancing_with_the_Stars_(American_season_17)
17,4,2013-10-07,2013-10-13,https://en.wikipedia.org/wiki/Dancing_with_the_Stars_(American_season_17)
17,5,2013-10-14,2013-10-20,https://en.wikipedia.org/wiki/Dancing_with_the_Stars_(American_season_17)
17,6,2013-10-21,2013-10-27,https://en.wikipedia.org/wiki/Dancing_with_the_Stars_(American_season_17)
17,7,2013-10-28,2013-11-03,https://en.wikipedia.org/wiki/Dancing_with_the_Stars_(American_season_17)
17,8,2013-11-04,2013-11-10,https://en.wikipedia.org/wiki/Dancing_with_the_Stars_(American_season_17)
17,9,2013-11-11,2013-11-17,https://en.wikipedia.org/wiki/Dancing_with_the_Stars_(American_season_17)
17,10,2013-11-18,2013-11-24,https://en.wikipedia.org/wiki/Dancing_with_the_Stars_(American_season_17)
17,11,2013-11-25,2013-11-25,https://en.wikipedia.org/wiki/Dancing_with_the_Stars_(American_season_17)
18,1,2014-03-17,2014-03-23,https://en.wikipedia.org/wiki/Dancing_with_the_Stars_(American_season_18)
18,2,2014-03-24,2014-03-30,https://en.wikipedia.org/wiki/Dancing_with_the_Stars_(American_season_18)
18,3,2014-03-31,2014-04-06,https://en.wikipedia.org/wiki/Dancing_with_the_Stars_(American_season_18)
18,4,2014-04-07,2014-04-13,https://en.wikipedia.org/wiki/Dancing_with_the_Stars_(American_season_18)
18,5,2014-04-14,2014-04-20,https://en.wikipedia.org/wiki/Dancing_with_the_Stars_(American_season_18)
18,6,2014-04-21,2014-04-27,https://en.wikipedia.org/wiki/Dancing_with_the_Stars_(American_season_18)
18,7,2014-04-28,2014-05-04,https://en.wikipedia.org/wiki/Dancing_with_the_Stars_(American_season_18)
18,8,2014-05-05,2014-05-11,https://en.wikipedia.org/wiki/Dancing_with_the_Stars_(American_season_18)
18,9,2014-05-12,2014-05-18,https://en.wikipedia.org/wiki/Dancing_with_the_Stars_(American_season_18)
18,10,2014-05-19,2014-05-19,https://en.wikipedia.org/wiki/Dancing_with_the_Stars_(American_season_18)
20,1,2015-03-16,2015-03-22,https://en.wikipedia.org/wiki/Dancing_with_the_Stars_(American_season_20)
20,2,2015-03-23,2015-03-29,https://en.wikipedia.org/wiki/Dancing_with_the_Stars_(American_season_20)
20,3,2015-03-30,2015-04-05,https://en.wikipedia.org/wiki/Dancing_with_the_Stars_(American_season_20)
20,4,2015-04-06,2015-04-12,https://en.wikipedia.org/wiki/Dancing_with_the_Stars_(American_season_20)
20,5,2015-04-13,2015-04-19,https://en.wikipedia.org/wiki/Dancing_with_the_Stars_(American_season_20)
20,6,2015-04-20,2015-04-26,https://en.wikipedia.org/wiki/Dancing_with_the_Stars_(American_season_20)
20,7,2015-04-27,2015-04-27,https://en.wikipedia.org/wiki/Dancing_with_the_Stars_(American_season_20)
20,8,2015-04-28,2015-05-03,https://en.wikipedia.org/wiki/Dancing_with_the_Stars_(American_season_20)
20,9,2015-05-04,2015-05-04,https://en.wikipedia.org/wiki/Dancing_with_the_Stars_(American_season_20)
20,10,2015-05-05,2015-05-10,https://en.wikipedia.org/wiki/Dancing_with_the_Stars_(American_season_20)
21,1,2015-09-14,2015-09-14,https://en.wikipedia.org/wiki/Dancing_with_the_Stars_(American_season_21)
21,2,2015-09-15,2015-09-20,https://en.wikipedia.org/wiki/Dancing_with_the_Stars_(American_season_21)
21,3,2015-09-21,2015-09-21,https://en.wikipedia.org/wiki/Dancing_with_the_Stars_(American_season_21)
21,4,2015-09-22,2015-09-27,https://en.wikipedia.org/wiki/Dancing_with_the_Stars_(American_season_21)
21,5,2015-09-28,2015-10-04,https://en.wikipedia.org/wiki/Dancing_with_the_Stars_(American_season_21)
21,6,2015-10-05,2015-10-11,https://en.wikipedia.org/wiki/Dancing_with_the_Stars_(American_season_21)
21,7,2015-10-12,2015-10-18,https://en.wikipedia.org/wiki/Dancing_with_the_Stars_(American_season_21)
21,8,2015-10-19,2015-10-25,https://en.wikipedia.org/wiki/Dancing_with_the_Stars_(American_season_21)
21,9,2015-10-26,2015-11-01,https://en.wikipedia.org/wiki/Dancing_with_the_Stars_(American_season_21)
21,10,2015-11-02,2015-11-08,https://en.wikipedia.org/wiki/Dancing_with_the_Stars_(American_season_21)
21,11,2015-11-09,2015-11-15,https://en.wikipedia.org/wiki/Dancing_with_the_Stars_(American_season_21)
22,1,2016-03-21,2016-03-27,https://en.wikipedia.org/wiki/Dancing_with_the_Stars_(American_season_22)
22,2,2016-03-28,2016-04-03,https://en.wikipedia.org/wiki/Dancing_with_the_Stars_(American_season_22)
22,3,2016-04-04,2016-04-10,https://en.wikipedia.org/wiki/Dancing_with_the_Stars_(American_season_22)
22,4,2016-04-11,2016-04-17,https://en.wikipedia.org/wiki/Dancing_with_the_Stars_(American_season_22)
22,5,2016-04-18,2016-04-24,https://en.wikipedia.org/wiki/Dancing_with_the_Stars_(American_season_22)
22,6,2016-04-25,2016-05-01,https://en.wikipedia.org/wiki/Dancing_with_the_Stars_(American_season_22)
22,7,2016-05-02,2016-05-08,https://en.wikipedia.org/wiki/Dancing_with_the_Stars_(American_season_22)
22,8,2016-05-09,2016-05-15,https://en.wikipedia.org/wiki/Dancing_with_the_Stars_(American_season_22)
22,9,2016-05-16,2016-05-22,https://en.wikipedia.org/wiki/Dancing_with_the_Stars_(American_season_22)
22,10,2016-05-23,2016-05-23,https://en.wikipedia.org/wiki/Dancing_with_the_Stars_(American_season_22)
23,1,2016-09-12,2016-09-18,https://en.wikipedia.org/wiki/Dancing_with_the_Stars_(American_season_23)
23,2,2016-09-19,2016-09-19,https://en.wikipedia.org/wiki/Dancing_with_the_Stars_(American_season_23)
23,3,2016-09-20,2016-09-25,https://en.wikipedia.org/wiki/Dancing_with_the_Stars_(American_season_23)
23,4,2016-09-26,2016-09-26,https://en.wikipedia.org/wiki/Dancing_with_the_Stars_(American_season_23)
23,5,2016-09-27,2016-10-02,https://en.wikipedia.org/wiki/Dancing_with_the_Stars_(American_season_23)
23,6,2016-10-03,2016-10-03,https://en.wikipedia.org/wiki/Dancing_with_the_Stars_(American_season_23)
23,7,2016-10-04,2016-10-09,https://en.wikipedia.org/wiki/Dancing_with_the_Stars_(American_season_23)
23,8,2016-10-10,2016-10-16,https://en.wikipedia.org/wiki/Dancing_with_the_Stars_(American_season_23)
23,9,2016-10-17,2016-10-23,https://en.wikipedia.org/wiki/Dancing_with_the_Stars_(American_season_23)
23,10,2016-10-24,2016-10-30,https://en.wikipedia.org/wiki/Dancing_with_the_Stars_(American_season_23)
23,11,2016-10-31,2016-11-06,https://en.wikipedia.org/wiki/Dancing_with_the_Stars_(American_season_23)
24,1,2017-03-20,2017-03-26,https://en.wikipedia.org/wiki/Dancing_with_the_Stars_(American_season_24)
24,2,2017-03-27,2017-04-02,https://en.wikipedia.org/wiki/Dancing_with_the_Stars_(American_season_24)
24,3,2017-04-03,2017-04-09,https://en.wikipedia.org/wiki/Dancing_with_the_Stars_(American_season_24)
24,4,2017-04-10,2017-04-16,https://en.wikipedia.org/wiki/Dancing_with_the_Stars_(American_season_24)
24,5,2017-04-17,2017-04-23,https://en.wikipedia.org/wiki/Dancing_with_the_Stars_(American_season_24)
24,6,2017-04-24,2017-04-30,https://en.wikipedia.org/wiki/Dancing_with_the_Stars_(American_season_24)
24,7,2017-05-01,2017-05-07,https://en.wikipedia.org/wiki/Dancing_with_the_Stars_(American_season_24)
24,8,2017-05-08,2017-05-14,https://en.wikipedia.org/wiki/Dancing_with_the_Stars_(American_season_24)
24,9,2017-05-15,2017-05-21,https://en.wikipedia.org/wiki/Dancing_with_the_Stars_(American_season_24)
24,10,2017-05-22,2017-05-22,https://en.wikipedia.org/wiki/Dancing_with_the_Stars_(American_season_24)
25,1,2017-09-18,2017-09-24,https://en.wikipedia.org/wiki/Dancing_with_the_Stars_(American_season_25)
25,2,2017-09-25,2017-09-25,https://en.wikipedia.org/wiki/Dancing_with_the_Stars_(American_season_25)
25,3,2017-09-26,2017-10-01,https://en.wikipedia.org/wiki/Dancing_with_the_Stars_(American_season_25)
25,4,2017-10-02,2017-10-08,https://en.wikipedia.org/wiki/Dancing_with_the_Stars_(American_season_25)
25,5,2017-10-09,2017-10-15,https://en.wikipedia.org/wiki/Dancing_with_the_Stars_(American_season_25)
25,6,2017-10-16,2017-10-22,https://en.wikipedia.org/wiki/Dancing_with_the_Stars_(American_season_25)
25,7,2017-10-23,2017-10-29,https://en.wikipedia.org/wiki/Dancing_with_the_Stars_(American_season_25)
25,8,2017-10-30,2017-11-05,https://en.wikipedia.org/wiki/Dancing_with_the_Stars_(American_season_25)
25,9,2017-11-06,2017-11-12,https://en.wikipedia.org/wiki/Dancing_with_the_Stars_(American_season_25)
25,10,2017-11-13,2017-11-19,https://en.wikipedia.org/wiki/Dancing_with_the_Stars_(American_season_25)
26,1,2018-04-30,2018-05-06,https://en.wikipedia.org/wiki/Dancing_with_the_Stars_(American_season_26)
26,2,2018-05-07,2018-05-13,https://en.wikipedia.org/wiki/Dancing_with_the_Stars_(American_season_26)
26,3,2018-05-14,2018-05-20,https://en.wikipedia.org/wiki/Dancing_with_the_Stars_(American_season_26)
26,4,2018-05-21,2018-05-27,https://en.wikipedia.org/wiki/Dancing_with_the_Stars_(American_season_26)
27,1,2018-09-24,2018-09-24,https://en.wikipedia.org/wiki/Dancing_with_the_Stars_(American_season_27)
27,2,2018-09-25,2018-09-30,https://en.wikipedia.org/wiki/Dancing_with_the_Stars_(American_season_27)
27,3,2018-10-01,2018-10-01,https://en.wikipedia.org/wiki/Dancing_with_the_Stars_(American_season_27)
27,4,2018-10-02,2018-10-07,https://en.wikipedia.org/wiki/Dancing_with_the_Stars_(American_season_27)
27,5,2018-10-08,2018-10-14,https://en.wikipedia.org/wiki/Dancing_with_the_Stars_(American_season_27)
27,6,2018-10-15,2018-10-21,https://en.wikipedia.org/wiki/Dancing_with_the_Stars_(American_season_27)
27,7,2018-10-22,2018-10-28,https://en.wikipedia.org/wiki/Dancing_with_the_Stars_(American_season_27)
27,8,2018-10-29,2018-11-04,https://en.wikipedia.org/wiki/Dancing_with_the_Stars_(American_season_27)
27,9,2018-11-05,2018-11-11,https://en.wikipedia.org/wiki/Dancing_with_the_Stars_(American_season_27)
28,1,2019-09-16,2019-09-22,https://en.wikipedia.org/wiki/Dancing_with_the_Stars_(American_season_28)
28,2,2019-09-23,2019-09-29,https://en.wikipedia.org/wiki/Dancing_with_the_Stars_(American_season_28)
28,3,2019-09-30,2019-10-06,https://en.wikipedia.org/wiki/Dancing_with_the_Stars_(American_season_28)
28,4,2019-10-07,2019-10-13,https://en.wikipedia.org/wiki/Dancing_with_the_Stars_(American_season_28)
28,5,2019-10-14,2019-10-20,https://en.wikipedia.org/wiki/Dancing_with_the_Stars_(American_season_28)
28,6,2019-10-21,2019-10-27,https://en.wikipedia.org/wiki/Dancing_with_the_Stars_(American_season_28)
28,7,2019-10-28,2019-11-03,https://en.wikipedia.org/wiki/Dancing_with_the_Stars_(American_season_28)
28,8,2019-11-04,2019-11-10,https://en.wikipedia.org/wiki/Dancing_with_the_Stars_(American_season_28)
28,9,2019-11-11,2019-11-17,https://en.wikipedia.org/wiki/Dancing_with_the_Stars_(American_season_28)
28,10,2019-11-18,2019-11-24,https://en.wikipedia.org/wiki/Dancing_with_the_Stars_(American_season_28)
28,11,2019-11-25,2019-12-01,https://en.wikipedia.org/wiki/Dancing_with_the_Stars_(American_season_28)
29,1,2020-09-14,2020-09-21,https://en.wikipedia.org/wiki/Dancing_with_the_Stars_(American_season_29)
29,2,2020-09-22,2020-09-27,https://en.wikipedia.org/wiki/Dancing_with_the_Stars_(American_season_29)
29,3,2020-09-28,2020-10-04,https://en.wikipedia.org/wiki/Dancing_with_the_Stars_(American_season_29)
29,4,2020-10-05,2020-10-11,https://en.wikipedia.org/wiki/Dancing_with_the_Stars_(American_season_29)
29,5,2020-10-12,2020-10-18,https://en.wikipedia.org/wiki/Dancing_with_the_Stars_(American_season_29)
29,6,2020-10-19,2020-10-25,https://en.wikipedia.org/wiki/Dancing_with_the_Stars_(American_season_29)
29,7,2020-10-26,2020-11-01,https://en.wikipedia.org/wiki/Dancing_with_the_Stars_(American_season_29)
29,8,2020-11-02,2020-11-08,https://en.wikipedia.org/wiki/Dancing_with_the_Stars_(American_season_29)
29,9,2020-11-09,2020-11-15,https://en.wikipedia.org/wiki/Dancing_with_the_Stars_(American_season_29)
29,10,2020-11-16,2020-11-22,https://en.wikipedia.org/wiki/Dancing_with_the_Stars_(American_season_29)
29,11,2020-11-23,2020-11-29,https://en.wikipedia.org/wiki/Dancing_with_the_Stars_(American_season_29)
30,1,2021-09-20,2021-09-26,https://en.wikipedia.org/wiki/Dancing_with_the_Stars_(American_season_30)
30,2,2021-09-27,2021-10-03,https://en.wikipedia.org/wiki/Dancing_with_the_Stars_(American_season_30)
30,3,2021-10-04,2021-10-10,https://en.wikipedia.org/wiki/Dancing_with_the_Stars_(American_season_30)
30,4,2021-10-11,2021-10-11,https://en.wikipedia.org/wiki/Dancing_with_the_Stars_(American_season_30)
30,5,2021-10-12,2021-10-17,https://en.wikipedia.org/wiki/Dancing_with_the_Stars_(American_season_30)
30,6,2021-10-18,2021-10-24,https://en.wikipedia.org/wiki/Dancing_with_the_Stars_(American_season_30)
30,7,2021-10-25,2021-10-31,https://en.wikipedia.org/wiki/Dancing_with_the_Stars_(American_season_30)
30,8,2021-11-01,2021-11-07,https://en.wikipedia.org/wiki/Dancing_with_the_Stars_(American_season_30)
30,9,2021-11-08,2021-11-14,https://en.wikipedia.org/wiki/Dancing_with_the_Stars_(American_season_30)
30,10,2021-11-15,2021-11-21,https://en.wikipedia.org/wiki/Dancing_with_the_Stars_(American_season_30)
32,1,2023-09-26,2023-10-02,https://en.wikipedia.org/wiki/Dancing_with_the_Stars_(American_season_32)
32,2,2023-10-03,2023-10-09,https://en.wikipedia.org/wiki/Dancing_with_the_Stars_(American_season_32)
32,3,2023-10-10,2023-10-16,https://en.wikipedia.org/wiki/Dancing_with_the_Stars_(American_season_32)
32,4,2023-10-17,2023-10-23,https://en.wikipedia.org/wiki/Dancing_with_the_Stars_(American_season_32)
32,5,2023-10-24,2023-10-30,https://en.wikipedia.org/wiki/Dancing_with_the_Stars_(American_season_32)
32,6,2023-10-31,2023-11-06,https://en.wikipedia.org/wiki/Dancing_with_the_Stars_(American_season_32)
32,7,2023-11-07,2023-11-13,https://en.wikipedia.org/wiki/Dancing_with_the_Stars_(American_season_32)
32,8,2023-11-14,2023-11-20,https://en.wikipedia.org/wiki/Dancing_with_the_Stars_(American_season_32)
32,9,2023-11-21,2023-11-27,https://en.wikipedia.org/wiki/Dancing_with_the_Stars_(American_season_32)
32,10,2023-11-28,2023-12-04,https://en.wikipedia.org/wiki/Dancing_with_the_Stars_(American_season_32)
32,11,2023-12-05,2023-12-11,https://en.wikipedia.org/wiki/Dancing_with_the_Stars_(American_season_32)
33,1,2024-09-17,2024-09-23,https://en.wikipedia.org/wiki/Dancing_with_the_Stars_(American_season_33)
33,2,2024-09-24,2024-10-06,https://en.wikipedia.org/wiki/Dancing_with_the_Stars_(American_season_33)
33,3,2024-10-07,2024-10-07,https://en.wikipedia.org/wiki/Dancing_with_the_Stars_(American_season_33)
33,4,2024-10-08,2024-10-14,https://en.wikipedia.org/wiki/Dancing_with_the_Stars_(American_season_33)
33,5,2024-10-15,2024-10-21,https://en.wikipedia.org/wiki/Dancing_with_the_Stars_(American_season_33)
33,6,2024-10-22,2024-10-28,https://en.wikipedia.org/wiki/Dancing_with_the_Stars_(American_season_33)
33,7,2024-10-29,2024-11-11,https://en.wikipedia.org/wiki/Dancing_with_the_Stars_(American_season_33)
33,8,2024-11-12,2024-11-18,https://en.wikipedia.org/wiki/Dancing_with_the_Stars_(American_season_33)
33,9,2024-11-19,2024-11-25,https://en.wikipedia.org/wiki/Dancing_with_the_Stars_(American_season_33)
