season,week,celebrity_name,window_start,window_end,gdelt_mentions_week,gdelt_query,status
1,1,Evander Holyfield,2005-06-01,2005-06-07,,"""Evander Holyfield"" AND (""Dancing with the Stars"" OR DWTS)",NO_DATA
1,2,Evander Holyfield,2005-06-08,2005-06-14,,"""Evander Holyfield"" AND (""Dancing with the Stars"" OR DWTS)",NO_DATA
1,3,Evander Holyfield,2005-06-15,2005-06-21,,"""Evander Holyfield"" AND (""Dancing with the Stars"" OR DWTS)",NO_DATA
1,4,Evander Holyfield,2005-06-22,2005-06-28,,"""Evander Holyfield"" AND (""Dancing with the Stars"" OR DWTS)",NO_DATA
1,5,Evander Holyfield,2005-06-29,2005-07-05,,"""Evander Holyfield"" AND (""Dancing with the Stars"" OR DWTS)",NO_DATA
1,6,Evander Holyfield,2005-07-06,2005-07-12,,"""Evander Holyfield"" AND (""Dancing with the Stars"" OR DWTS)",NO_DATA
1,1,Joey McIntyre,2005-06-01,2005-06-07,,"""Joey McIntyre"" AND (""Dancing with the Stars"" OR DWTS)",NO_DATA
1,2,Joey McIntyre,2005-06-08,2005-06-14,,"""Joey McIntyre"" AND (""Dancing with the Stars"" OR DWTS)",NO_DATA
1,3,Joey McIntyre,2005-06-15,2005-06-21,,"""Joey McIntyre"" AND (""Dancing with the Stars"" OR DWTS)",NO_DATA
1,4,Joey McIntyre,2005-06-22,2005-06-28,,"""Joey McIntyre"" AND (""Dancing with the Stars"" OR DWTS)",NO_DATA
1,5,Joey McIntyre,2005-06-29,2005-07-05,,"""Joey McIntyre"" AND (""Dancing with the Stars"" OR DWTS)",NO_DATA
1,6,Joey McIntyre,2005-07-06,2005-07-12,,"""Joey McIntyre"" AND (""Dancing with the Stars"" OR DWTS)",NO_DATA
1,1,John O'Hurley,2005-06-01,2005-06-07,,"""John O'Hurley"" AND (""Dancing with the Stars"" OR DWTS)",NO_DATA
1,2,John O'Hurley,2005-06-08,2005-06-14,,"""John O'Hurley"" AND (""Dancing with the Stars"" OR DWTS)",NO_DATA
1,3,John O'Hurley,2005-06-15,2005-06-21,,"""John O'Hurley"" AND (""Dancing with the Stars"" OR DWTS)",NO_DATA
1,4,John O'Hurley,2005-06-22,2005-06-28,,"""John O'Hurley"" AND (""Dancing with the Stars"" OR DWTS)",NO_DATA
1,5,John O'Hurley,2005-06-29,2005-07-05,,"""John O'Hurley"" AND (""Dancing with the Stars"" OR DWTS)",NO_DATA
1,6,John O'Hurley,2005-07-06,2005-07-12,,"""John O'Hurley"" AND (""Dancing with the Stars"" OR DWTS)",NO_DATA
1,1,Kelly Monaco,2005-06-01,2005-06-07,,"""Kelly Monaco"" AND (""Dancing with the Stars"" OR DWTS)",NO_DATA
1,2,Kelly Monaco,2005-06-08,2005-06-14,,"""Kelly Monaco"" AND (""Dancing with the Stars"" OR DWTS)",NO_DATA
1,3,Kelly Monaco,2005-06-15,2005-06-21,,"""Kelly Monaco"" AND (""Dancing with the Stars"" OR DWTS)",NO_DATA
1,4,Kelly Monaco,2005-06-22,2005-06-28,,"""Kelly Monaco"" AND (""Dancing with the Stars"" OR DWTS)",NO_DATA
1,5,Kelly Monaco,2005-06-29,2005-07-05,,"""Kelly Monaco"" AND (""Dancing with the Stars"" OR DWTS)",NO_DATA
1,6,Kelly Monaco,2005-07-06,2005-07-12,,"""Kelly Monaco"" AND (""Dancing with the Stars"" OR DWTS)",NO_DATA
1,1,Rachel Hunter,2005-06-01,2005-06-07,,"""Rachel Hunter"" AND (""Dancing with the Stars"" OR DWTS)",NO_DATA
1,2,Rachel Hunter,2005-06-08,2005-06-14,,"""Rachel Hunter"" AND (""Dancing with the Stars"" OR DWTS)",NO_DATA
1,3,Rachel Hunter,2005-06-15,2005-06-21,,"""Rachel Hunter"" AND (""Dancing with the Stars"" OR DWTS)",NO_DATA
1,4,Rachel Hunter,2005-06-22,2005-06-28,,"""Rachel Hunter"" AND (""Dancing with the Stars"" OR DWTS)",NO_DATA
1,5,Rachel Hunter,2005-06-29,2005-07-05,,"""Rachel Hunter"" AND (""Dancing with the Stars"" OR DWTS)",NO_DATA
1,6,Rachel Hunter,2005-07-06,2005-07-12,,"""Rachel Hunter"" AND (""Dancing with the Stars"" OR DWTS)",NO_DATA
1,1,Trista Sutter,2005-06-01,2005-06-07,,"""Trista Sutter"" AND (""Dancing with the Stars"" OR DWTS)",NO_DATA
1,2,Trista Sutter,2005-06-08,2005-06-14,,"""Trista Sutter"" AND (""Dancing with the Stars"" OR DWTS)",NO_DATA
1,3,Trista Sutter,2005-06-15,2005-06-21,,"""Trista Sutter"" AND (""Dancing with the Stars"" OR DWTS)",NO_DATA
1,4,Trista Sutter,2005-06-22,2005-06-28,,"""Trista Sutter"" AND (""Dancing with the Stars"" OR DWTS)",NO_DATA
1,5,Trista Sutter,2005-06-29,2005-07-05,,"""Trista Sutter"" AND (""Dancing with the Stars"" OR DWTS)",NO_DATA
1,6,Trista Sutter,2005-07-06,2005-07-12,,"""Trista Sutter"" AND (""Dancing with the Stars"" OR DWTS)",NO_DATA
2,1,Drew Lachey,2006-01-05,2006-01-11,,"""Drew Lachey"" AND (""Dancing with the Stars"" OR DWTS)",NO_DATA
2,2,Drew Lachey,2006-01-12,2006-01-18,,"""Drew Lachey"" AND (""Dancing with the Stars"" OR DWTS)",NO_DATA
2,3,Drew Lachey,2006-01-19,2006-01-25,,"""Drew Lachey"" AND (""Dancing with the Stars"" OR DWTS)",NO_DATA
2,4,Drew Lachey,2006-01-26,2006-02-01,,"""Drew Lachey"" AND (""Dancing with the Stars"" OR DWTS)",NO_DATA
2,5,Drew Lachey,2006-02-02,2006-02-08,,"""Drew Lachey"" AND (""Dancing with the Stars"" OR DWTS)",NO_DATA
2,6,Drew Lachey,2006-02-09,2006-02-15,,"""Drew Lachey"" AND (""Dancing with the Stars"" OR DWTS)",NO_DATA
2,7,Drew Lachey,2006-02-16,2006-02-22,,"""Drew Lachey"" AND (""Dancing with the Stars"" OR DWTS)",NO_DATA
2,8,Drew Lachey,2006-02-23,2006-03-01,,"""Drew Lachey"" AND (""Dancing with the Stars"" OR DWTS)",NO_DATA
2,1,George Hamilton,2006-01-05,2006-01-11,,"""George Hamilton"" AND (""Dancing with the Stars"" OR DWTS)",NO_DATA
2,2,George Hamilton,2006-01-12,2006-01-18,,"""George Hamilton"" AND (""Dancing with the Stars"" OR DWTS)",NO_DATA
2,3,George Hamilton,2006-01-19,2006-01-25,,"""George Hamilton"" AND (""Dancing with the Stars"" OR DWTS)",NO_DATA
2,4,George Hamilton,2006-01-26,2006-02-01,,"""George Hamilton"" AND (""Dancing with the Stars"" OR DWTS)",NO_DATA
2,5,George Hamilton,2006-02-02,2006-02-08,,"""George Hamilton"" AND (""Dancing with the Stars"" OR DWTS)",NO_DATA
2,6,George Hamilton,2006-02-09,2006-02-15,,"""George Hamilton"" AND (""Dancing with the Stars"" OR DWTS)",NO_DATA
2,7,George Hamilton,2006-02-16,2006-02-22,,"""George Hamilton"" AND (""Dancing with the Stars"" OR DWTS)",NO_DATA
2,8,George Hamilton,2006-02-23,2006-03-01,,"""George Hamilton"" AND (""Dancing with the Stars"" OR DWTS)",NO_DATA
2,1,Giselle Fernandez,2006-01-05,2006-01-11,,"""Giselle Fernandez"" AND (""Dancing with the Stars"" OR DWTS)",NO_DATA
2,2,Giselle Fernandez,2006-01-12,2006-01-18,,"""Giselle Fernandez"" AND (""Dancing with the Stars"" OR DWTS)",NO_DATA
2,3,Giselle Fernandez,2006-01-19,2006-01-25,,"""Giselle Fernandez"" AND (""Dancing with the Stars"" OR DWTS)",NO_DATA
2,4,Giselle Fernandez,2006-01-26,2006-02-01,,"""Giselle Fernandez"" AND (""Dancing with the Stars"" OR DWTS)",NO_DATA
2,5,Giselle Fernandez,2006-02-02,2006-02-08,,"""Giselle Fernandez"" AND (""Dancing with the Stars"" OR DWTS)",NO_DATA
2,6,Giselle Fernandez,2006-02-09,2006-02-15,,"""Giselle Fernandez"" AND (""Dancing with the Stars"" OR DWTS)",NO_DATA
2,7,Giselle Fernandez,2006-02-16,2006-02-22,,"""Giselle Fernandez"" AND (""Dancing with the Stars"" OR DWTS)",NO_DATA
2,8,Giselle Fernandez,2006-02-23,2006-03-01,,"""Giselle Fernandez"" AND (""Dancing with the Stars"" OR DWTS)",NO_DATA
2,1,Jerry Rice,2006-01-05,2006-01-11,,"""Jerry Rice"" AND (""Dancing with the Stars"" OR DWTS)",NO_DATA
2,2,Jerry Rice,2006-01-12,2006-01-18,,"""Jerry Rice"" AND (""Dancing with the Stars"" OR DWTS)",NO_DATA
2,3,Jerry Rice,2006-01-19,2006-01-25,,"""Jerry Rice"" AND (""Dancing with the Stars"" OR DWTS)",NO_DATA
2,4,Jerry Rice,2006-01-26,2006-02-01,,"""Jerry Rice"" AND (""Dancing with the Stars"" OR DWTS)",NO_DATA
2,5,Jerry Rice,2006-02-02,2006-02-08,,"""Jerry Rice"" AND (""Dancing with the Stars"" OR DWTS)",NO_DATA
2,6,Jerry Rice,2006-02-09,2006-02-15,,"""Jerry Rice"" AND (""Dancing with the Stars"" OR DWTS)",NO_DATA
2,7,Jerry Rice,2006-02-16,2006-02-22,,"""Jerry Rice"" AND (""Dancing with the Stars"" OR DWTS)",NO_DATA
2,8,Jerry Rice,2006-02-23,2006-03-01,,"""Jerry Rice"" AND (""Dancing with the Stars"" OR DWTS)",NO_DATA
2,1,Kenny Mayne,2006-01-05,2006-01-11,,"""Kenny Mayne"" AND (""Dancing with the Stars"" OR DWTS)",NO_DATA
2,2,Kenny Mayne,2006-01-12,2006-01-18,,"""Kenny Mayne"" AND (""Dancing with the Stars"" OR DWTS)",NO_DATA
2,3,Kenny Mayne,2006-01-19,2006-01-25,,"""Kenny Mayne"" AND (""Dancing with the Stars"" OR DWTS)",NO_DATA
2,4,Kenny Mayne,2006-01-26,2006-02-01,,"""Kenny Mayne"" AND (""Dancing with the Stars"" OR DWTS)",NO_DATA
2,5,Kenny Mayne,2006-02-02,2006-02-08,,"""Kenny Mayne"" AND (""Dancing with the Stars"" OR DWTS)",NO_DATA
2,6,Kenny Mayne,2006-02-09,2006-02-15,,"""Kenny Mayne"" AND (""Dancing with the Stars"" OR DWTS)",NO_DATA
2,7,Kenny Mayne,2006-02-16,2006-02-22,,"""Kenny Mayne"" AND (""Dancing with the Stars"" OR DWTS)",NO_DATA
2,8,Kenny Mayne,2006-02-23,2006-03-01,,"""Kenny Mayne"" AND (""Dancing with the Stars"" OR DWTS)",NO_DATA
2,1,Lisa Rinna,2006-01-05,2006-01-11,,"""Lisa Rinna"" AND (""Dancing with the Stars"" OR DWTS)",NO_DATA
2,2,Lisa Rinna,2006-01-12,2006-01-18,,"""Lisa Rinna"" AND (""Dancing with the Stars"" OR DWTS)",NO_DATA
2,3,Lisa Rinna,2006-01-19,2006-01-25,,"""Lisa Rinna"" AND (""Dancing with the Stars"" OR DWTS)",NO_DATA
2,4,Lisa Rinna,2006-01-26,2006-02-01,,"""Lisa Rinna"" AND (""Dancing with the Stars"" OR DWTS)",NO_DATA
2,5,Lisa Rinna,2006-02-02,2006-02-08,,"""Lisa Rinna"" AND (""Dancing with the Stars"" OR DWTS)",NO_DATA
2,6,Lisa Rinna,2006-02-09,2006-02-15,,"""Lisa Rinna"" AND (""Dancing with the Stars"" OR DWTS)",NO_DATA
2,7,Lisa Rinna,2006-02-16,2006-02-22,,"""Lisa Rinna"" AND (""Dancing with the Stars"" OR DWTS)",NO_DATA
2,8,Lisa Rinna,2006-02-23,2006-03-01,,"""Lisa Rinna"" AND (""Dancing with the Stars"" OR DWTS)",NO_DATA
2,1,Master P,2006-01-05,2006-01-11,,"""Master P"" AND (""Dancing with the Stars"" OR DWTS)",NO_DATA
2,2,Master P,2006-01-12,2006-01-18,,"""Master P"" AND (""Dancing with the Stars"" OR DWTS)",NO_DATA
2,3,Master P,2006-01-19,2006-01-25,,"""Master P"" AND (""Dancing with the Stars"" OR DWTS)",NO_DATA
2,4,Master P,2006-01-26,2006-02-01,,"""Master P"" AND (""Dancing with the Stars"" OR DWTS)",NO_DATA
2,5,Master P,2006-02-02,2006-02-08,,"""Master P"" AND (""Dancing with the Stars"" OR DWTS)",NO_DATA
2,6,Master P,2006-02-09,2006-02-15,,"""Master P"" AND (""Dancing with the Stars"" OR DWTS)",NO_DATA
2,7,Master P,2006-02-16,2006-02-22,,"""Master P"" AND (""Dancing with the Stars"" OR DWTS)",NO_DATA
2,8,Master P,2006-02-23,2006-03-01,,"""Master P"" AND (""Dancing with the Stars"" OR DWTS)",NO_DATA
2,1,Stacy Keibler,2006-01-05,2006-01-11,,"""Stacy Keibler"" AND (""Dancing with the Stars"" OR DWTS)",NO_DATA
2,2,Stacy Keibler,2006-01-12,2006-01-18,,"""Stacy Keibler"" AND (""Dancing with the Stars"" OR DWTS)",NO_DATA
2,3,Stacy Keibler,2006-01-19,2006-01-25,,"""Stacy Keibler"" AND (""Dancing with the Stars"" OR DWTS)",NO_DATA
2,4,Stacy Keibler,2006-01-26,2006-02-01,,"""Stacy Keibler"" AND (""Dancing with the Stars"" OR DWTS)",NO_DATA
2,5,Stacy Keibler,2006-02-02,2006-02-08,,"""Stacy Keibler"" AND (""Dancing with the Stars"" OR DWTS)",NO_DATA
2,6,Stacy Keibler,2006-02-09,2006-02-15,,"""Stacy Keibler"" AND (""Dancing with the Stars"" OR DWTS)",NO_DATA
2,7,Stacy Keibler,2006-02-16,2006-02-22,,"""Stacy Keibler"" AND (""Dancing with the Stars"" OR DWTS)",NO_DATA
2,8,Stacy Keibler,2006-02-23,2006-03-01,,"""Stacy Keibler"" AND (""Dancing with the Stars"" OR DWTS)",NO_DATA
2,1,Tatum O'Neal,2006-01-05,2006-01-11,,"""Tatum O'Neal"" AND (""Dancing with the Stars"" OR DWTS)",NO_DATA
2,2,Tatum O'Neal,2006-01-12,2006-01-18,,"""Tatum O'Neal"" AND (""Dancing with the Stars"" OR DWTS)",NO_DATA
2,3,Tatum O'Neal,2006-01-19,2006-01-25,,"""Tatum O'Neal"" AND (""Dancing with the Stars"" OR DWTS)",NO_DATA
2,4,Tatum O'Neal,2006-01-26,2006-02-01,,"""Tatum O'Neal"" AND (""Dancing with the Stars"" OR DWTS)",NO_DATA
2,5,Tatum O'Neal,2006-02-02,2006-02-08,,"""Tatum O'Neal"" AND (""Dancing with the Stars"" OR DWTS)",NO_DATA
2,6,Tatum O'Neal,2006-02-09,2006-02-15,,"""Tatum O'Neal"" AND (""Dancing with the Stars"" OR DWTS)",NO_DATA
2,7,Tatum O'Neal,2006-02-16,2006-02-22,,"""Tatum O'Neal"" AND (""Dancing with the Stars"" OR DWTS)",NO_DATA
2,8,Tatum O'Neal,2006-02-23,2006-03-01,,"""Tatum O'Neal"" AND (""Dancing with the Stars"" OR DWTS)",NO_DATA
2,1,Tia Carrere,2006-01-05,2006-01-11,,"""Tia Carrere"" AND (""Dancing with the Stars"" OR DWTS)",NO_DATA
2,2,Tia Carrere,2006-01-12,2006-01-18,,"""Tia Carrere"" AND (""Dancing with the Stars"" OR DWTS)",NO_DATA
2,3,Tia Carrere,2006-01-19,2006-01-25,,"""Tia Carrere"" AND (""Dancing with the Stars"" OR DWTS)",NO_DATA
2,4,Tia Carrere,2006-01-26,2006-02-01,,"""Tia Carrere"" AND (""Dancing with the Stars"" OR DWTS)",NO_DATA
2,5,Tia Carrere,2006-02-02,2006-02-08,,"""Tia Carrere"" AND (""Dancing with the Stars"" OR DWTS)",NO_DATA
2,6,Tia Carrere,2006-02-09,2006-02-15,,"""Tia Carrere"" AND (""Dancing with the Stars"" OR DWTS)",NO_DATA
2,7,Tia Carrere,2006-02-16,2006-02-22,,"""Tia Carrere"" AND (""Dancing with the Stars"" OR DWTS)",NO_DATA
2,8,Tia Carrere,2006-02-23,2006-03-01,,"""Tia Carrere"" AND (""Dancing with the Stars"" OR DWTS)",NO_DATA
