season,celebrity,wiki_title
1,Evander Holyfield,Statue of Evander Holyfield
1,Joey McIntyre,Stay the Same (Joey McIntyre song)
1,John O'Hurley,John O'Hurley
1,Kelly Monaco,Kelly Monaco
1,Rachel Hunter,Rachel Hunter (author)
1,Trista Sutter,Trista Sutter
2,Drew Lachey,Drew Lachey
2,George Hamilton,"George Hamilton-Gordon, 4th Earl of Aberdeen"
2,Giselle Fernandez,Giselle Fernández
2,Jerry Rice,Jerry Rice Jr.
2,Kenny Mayne,Kenny Mayne
2,Lisa Rinna,Lisa Rinna
2,Master P,The Best of Master P
2,Stacy Keibler,Stacy Keibler
2,Tatum O'Neal,Tatum O'Neal
2,Tia Carrere,Tia Carrere
3,Emmitt Smith,Emmitt Smith
3,Harry Hamlin,Harry Hamlin
3,Jerry Springer,The Jerry Springer Show
3,Joey Lawrence,Joey Lawrence (photographer)
3,Mario Lopez,Mario Lopez (jurist)
3,Monique Coleman,Monique Coleman
3,Sara Evans,Sara Evans discography
3,Shanna Moakler,Shanna Moakler
3,Tucker Carlson,Tucker Carlson's interview with Vladimir Putin
3,Vivica A. Fox,Vivica A. Fox filmography
3,Willa Ford,Willa Ford
4,Apolo Anton Ohno,Apolo Ohno
4,Billy Ray Cyrus,Billy Ray Cyrus discography
4,Clyde Drexler,Clyde Drexler
4,Heather Mills,Heather Mills
4,Ian Ziering,Ian Ziering
4,Joey Fatone,Joey Fatone
4,John Ratzenberger,John Ratzenberger
4,Laila Ali,Laila Ali
4,Leeza Gibbons,Leeza Gibbons
4,Paulina Porizkova,Paulina Porizkova
4,Shandi Finnessey,Shandi Finnessey
5,Albert Reed,Sylvanus Albert Reed
5,Cameron Mathison,Cameron Mathison
5,Floyd Mayweather Jr.,Oscar De La Hoya vs. Floyd Mayweather Jr.
5,Helio Castroneves,Hélio Castroneves
5,Jane Seymour,Jane Seymour (actress)
5,Jennie Garth,Jennie Garth
5,Josie Maran,Josie Maran
5,Marie Osmond,Marie Osmond on screen and stage
5,Mark Cuban,Mark Cuban
5,Mel B,Today (Mel B song)
5,Sabrina Bryan,Sabrina Bryan
5,Wayne Newton,Wayne Newton Live in Concert
6,Adam Carolla,The Adam Carolla Show (radio program)
6,Cristian de la Fuente,Cristián de la Fuente
6,Jason Taylor,Jason Taylor II
6,Kristi Yamaguchi,Kristi Yamaguchi Fantasy Ice Skating
6,Mario,The Super Mario Galaxy Movie
6,Marissa Jaret Winokur,Marissa Jaret Winokur
6,Marlee Matlin,Marlee Matlin: Not Alone Anymore
6,Monica Seles,Monica Seles career statistics
6,Penn Jillette,Penn Jillette
6,Priscilla Presley,Priscilla Presley
6,Shannon Elizabeth,Shannon Elizabeth
6,Steve Guttenberg,Steve Guttenberg on screen and stage
7,Brooke Burke,Brooke Burke
7,Cloris Leachman,Cloris Leachman
7,Cody Linley,Cody Linley
7,Jeffrey Ross,Patriot Act: A Jeffrey Ross Home Movie
7,Kim Kardashian,Kim Kardashian: Hollywood
7,Lance Bass,Lance Bass
7,Maurice Greene,Maurice Greene (sprinter)
7,Misty May-Treanor,Misty May-Treanor
7,Rocco DiSpirito,Rocco DiSpirito
7,Susan Lucci,Susan Lucci
7,Ted McGinley,Ted McGinley
7,Toni Braxton,Toni Braxton discography
7,Warren Sapp,Warren Sapp
8,Belinda Carlisle,The Collection (Belinda Carlisle album)
8,Chuck Wicks,Turning Point (Chuck Wicks album)
8,David Alan Grier,David Alan Grier
8,Denise Richards,Denise Richards: It's Complicated
8,Gilles Marini,Gilles Marini
8,Holly Madison,Holly Madison
8,Lawrence Taylor,Taylor Lawrence
8,Lil' Kim,Lil' Kim videography
8,Melissa Rycroft,Melissa Rycroft
8,Shawn Johnson,Shawn Johnson East
8,Steve Wozniak,Steve Wozniak
8,Steve-O,Steve Oedekerk
8,Ty Murray,Ty Murray
9,Aaron Carter,Love (Aaron Carter album)
9,Ashley Hamiliton,Water on Mars
9,Chuck Liddell,Chuck Liddell vs. Tito Ortiz
9,Debi Mazar,Debi Mazar
9,Donny Osmond,Donny and Marie Osmond discography
9,Joanna Krupa,Joanna Krupa
9,Kathy Ireland,Kathy Ireland
9,Kelly Osbourne,Shut Up (Kelly Osbourne album)
9,Louie Vito,Louie Vito
9,Macy Gray,The Very Best of Macy Gray
9,Mark Dacascos,Mark Dacascos
9,Melissa Joan Hart,Melissa Joan Hart
9,Michael Irvin,Michael Irvin
9,Mya,Mya Taylor
9,Natalie Coughlin,Natalie Coughlin
9,Tom DeLay,Tom DeLay campaign finance trial
10,Aiden Turner,Aiden Turner
10,Buzz Aldrin,Buzz Aldrin's Race Into Space
10,Chad Ochocinco,Ochocinco: The Ultimate Catch
10,Erin Andrews,Erin Andrews
10,Evan Lysacek,Evan Lysacek
10,Jake Pavelka,Jake Pavelka
10,Kate Gosselin,Kate Gosselin
10,Nicole Scherzinger,Wet (Nicole Scherzinger song)
10,Niecy Nash,Niecy Nash
10,Pamela Anderson,Pamela Anderson
10,Shannen Doherty,Shannen Doherty filmography
